title,slug,category,publishedAt,body,summary,source
권영국 대표 대선 출마선언문,,statement,20250416 14:08:13,"존경하는 주권자 시민 여러분, 정의당 대표 권영국입니다. 저는 광장에 함께 했던 진보정당의 대표로서, 많은 시민들의 요구였던 ‘정권교체를 넘어 사회대개혁’을 이루기 위해 21대 대통령 선거에 출마합니다.

낡은 껍질을 깨고 사회대개혁을 이루기 위해 출마합니다

정의당은 그동안 노동당, 녹색당, 그리고 독자적 진보정치를 추구하는 노동단체, 사회단체들과 공동으로 정치활동과 대선을 준비해 왔습니다. 독자적 진보정치로 노동자 서민의 희망이 되고자 하는 모든 세력과 함께 광장의 목소리를 대변하고 사회대개혁을 이루어내기 위해 힘차게 나서겠습니다. 

우리는 내란세력 완전 청산과 함께 사회대개혁이라는 시대적 과제를 마주하고 있습니다. 광장은 두 가지 과제를 모두 절실하게 외쳤습니다. 내란세력 청산 뒤로 사회대개혁이 가려진다는 우려가 큽니다. 그 우려들 속에서 싱크홀처럼 무너지는 삶들이 있습니다. 내란세력 청산을 넘어 무너지는 이웃의 삶을 지키기 위해 21대 대선에 출마합니다.

정권교체를 넘어 사회를 바꿔야 합니다

윤석열을 파면하고 정권을 교체한다고 해도 회복되지 않는 삶들이 있습니다. 정권교체를 넘어 비인간적인 노동자의 현실을 바꿔야 합니다. 고공에 올라간 노동자들부터 땅으로 내려올 수 있어야 합니다. 파업했다는 이유로 470억원 손해배상을 청구당한 노동자들에 대한 족쇄가 풀려야 하고, 모든 시민들이 일을 마치고 안전하게 집으로 돌아올 수 있어야 합니다.

정권교체를 넘어 소수자들이 차별받는 현실을 바꿔야 합니다. 여성들이 안전하게 살아갈 수 있어야 하고, 평등하게 일할 수 있어야 합니다. 성소수자, 장애인, 이주민과 같은 사회적 소수자들이 있는 그대로 존중받고 모든 시민과 동등한 권리를 누릴 수 있어야 합니다. 공익제보를 했다가 불이익을 당해 쫓겨난 시민도 제자리로 돌아갈 수 있어야 합니다.

부동산 가격이 폭등하고 전세사기 피해가 계속된다면 우리는 어떤 희망을 가질 수 있을까요? 부채를 못 갚아 매년 20만 명의 자영업자가 가게 문을 닫습니다. 쌀 가격 폭락으로 농민들이 논을 갈아엎습니다. 9월 중순에 30도를 오르내리고 4월 중순에 눈이 옵니다. 이제 정권 교체를 넘어 이 사회를 근본적으로 바꿔야 합니다.

시민들은 평등한 사회를 요구하고 있습니다

지난 4개월 광장을 만들고 지켜온 비상행동은 하루하루 급변하는 정세 속에서도 사회대개혁을 위한 토론을 열정적으로 조직해 왔습니다. 광장 시민들이 수많은 토론과 합의를 거쳐 도출한 과제들에는 공통된 키워드가 깃들어 있습니다. 정의로운 사회, 공존하는 사회, 모두가 평등한 사회가 그것입니다.

시민들이 요구하는 사회대개혁의 방향은 구체적입니다. 4개월 간 광장을 빠짐없이 지키며 경청한 시민들의 발언에는 평등과 존중, 연대와 다양성에 대한 갈망이 있었습니다. 지금 당장 시급히 해결해야 할 과제들입니다. 가진 자와 기득권 질서를 옹호하는 보수정당이 해낼 수 있는 일이 아닙니다. 기득권 질서를 타파하기 위해 싸워온 진보의 정치가 이 과제들을 온전히 받아 안을 수 있습니다.

정의당이 그 일에 앞장서겠습니다. 정권교체를 넘어 사회대개혁으로, 불평등을 넘어 함께 사는 사회로 나아가겠습니다. ‘각자도생’과 ‘잘사니즘’의 두 가지 선택지만이 아니라, 함께 돌보고 연대하는 사회를 만들겠습니다. 넘어진 사람은 일으켜주고 뒤처진 사람과 발맞추며 천천히 그리고 함께 걸어 나가겠습니다.

매화는 한평생 춥게 살아도 그 향기를 팔지 않습니다

2002년 민주노총 법률원장을 시작으로 23년을 거리에서 참 열심히 싸웠습니다. 용산참사와 세월호 참사, 쌍용차 정리해고, 구의역 김군과 김용균, SPC 파리바게뜨와 쿠팡 등 2000년대 이후 수많은 참사 현장과 노동문제에 함께 했습니다. 그 과정에서 주어진 책임을 피해본 적이 없습니다. 위험한 곳이라면 가장 먼저 앞장서 달려갔습니다. 

사회대개혁은 한평생 노동자와 사회적 약자들과 함께 해왔던 ‘거리의 변호사’ 저 권영국이 가장 잘할 수 있는 일입니다. 올곧게, 단단하게, 그리고 당당하게 나아가겠습니다. ‘매화는 한평생 춥게 살아도 그 향기를 팔지 않는다(梅一生寒不賣香)’라는 말을 좋아합니다. 매화처럼 살기 위해 노력해왔습니다. 21대 대통령 선거를 그런 마음으로 임하겠습니다.

차별 없는 나라, 노동이 당당한 나라, 평등한 대한민국을 만드는 데 앞장서겠습니다. 함께 돌보며 함께 사는 세상을 만들겠습니다. 사회대개혁을 이루기 위해 다음의 과제들을 우선적으로 추진하겠습니다. 

1. 계엄이 다시는 일어나지 못하도록 하겠습니다.

△개헌을 통해 계엄요건을 강화하고, 대통령 궐위시 권한대행 1순위를 선출직인 국회의장으로 변경하며, 헌법재판관 임명 절차도 개선하겠습니다. △헌법에 5.18.정신과 국민발안제를 추가하여 시민주권을 강화하겠습니다. △적대적 양당정치를 넘어서는 정치제도 마련을 위해 결선투표제와 비례성을 강화하는 선거제를 도입하겠습니다. 

2. 노동시장에서 발생하는 현저한 불평등을 해소하겠습니다. 

정규직, 비정규직, 플랫폼 노동자, 프리랜서, 자영업자 모두 일하며 살아가는데 그 이름에 따라 사회안전망과 노동권, 그리고 임금까지 그 격차가 너무 큽니다. △862만 플랫폼노동자와 프리랜서, 446만 자영업자까지 포괄하는 전국민소득보험과 출산육아휴직, 상병수당 추진으로 사회안전망 격차를 좁히겠습니다. △노조법 2조와 3조를 개정하여 노동자의 범위를 확대하고 초기업별 교섭을 확대하여 노동기본권 격차를 좁히겠습니다. △불안정 저임금 노동자부터 표준임금제를 도입하여 격차를 좁히겠습니다. 

3. 돌봄·복지를 확대하여 안전한 삶이 가능하도록 하겠습니다. 

△공공부조를 전면 개편하고 시민최저소득 보장제를 도입하여 최소한의 삶을 보장하겠습니다. △국민연금의 가입기간을 확대하고, 기초연금을 인상하며, 공적연금을 통합 개편하여 노후를 안전하게 보장하겠습니다. △주거, 교통, 통신, 교육, 의료, 보육 6대 필수 생활서비스의 공공 지원 강화로 생계비 부담을 덜어드리겠습니다. △지자체의 역할을 돌봄 중심으로 전면 개편하여 지자체 돌봄 책임제로 돌봄사회를 앞당기겠습니다.

4. 과감한 증세와 부채탕감으로 자산 불평등과 세습을 막겠습니다. 

△내란정부에서 실시된 부자감세·자산감세(종합부동산세, 가업승계상속세, 금융투자소득세)를 모두 원상 복구하겠습니다. △부의 대물림을 막기 위해 상속·증여세를 강화하고, 자산 격차를 줄이기 위해 상위 0.1%에 대해 초부유세를 신설하고, 금융기관에 대한 횡재세를 도입하겠습니다. △청년 대상 사회상속제를 실시하고, 학자금 부채 전면 탕감하겠습니다. △자영업 대출 및 부채탕감을 확대하며, 특히 폐업하는 경우 부채를 전면 탕감하여 일자리 전환을 촉진하겠습니다. 

5. 우리 사회에 만연한 차별과 혐오에 정면으로 맞서겠습니다.

사회적 소수자들에게 혐오와 차별은 존재의 문제로서 생사가 걸린 문제입니다. △포괄적 차별금지법을 제정하여 차별 없는 평등사회 실현을 위한 기준을 제시하겠습니다. △여성가족부를 성평등부로 확대하여 강력한 성평등을 추진하겠습니다. △성별임금격차해소법을 제정하고 성평등임금공시제를 도입하겠습니다. △위헌이 확인된 낙태죄에 대한 조속한 대체입법으로 여성의 안전과 건강권을 보호하겠습니다. △동성혼 법제화로 모두가 누려 마땅한 권리를 부여하겠습니다. △장애인도 시민으로 이동하는 권리입법, 인권을 존중하는 난민법, 이주사회로 전환을 준비하는 이민사회기본법을 만들겠습니다. △이주노동자들의 사업장 변경의 자유를 보장하는 노동허가제를 도입하겠습니다.

6. 복합위기 앞에서 일자리와 존엄성을 지키는 것을 최우선으로 삼겠습니다. 

△기후위기 앞에서 공공재생에너지 확충을 중심으로 하는 녹색산업정책과 정의로운 일자리 전환을 추진하겠습니다. △AI·디지털전환 속에서 지구의 한계를 생각하는 전력생산소비대책을 제시하고, 사회적으로 이로운 기술이 되도록 윤리기준을 만들겠습니다. △고령화 시대, 노동시간 단축과 산재 예방 강화로 고령 노동자에게 친화적인 노동환경을 만들겠습니다. △미국의 관세 전쟁 속에서 무엇보다도 우리 경제주권을 우선으로 하며 다변화된 국제협력을 만들어 우리 일자리와 산업을 지키겠습니다. 

정권교체를 넘어 사회대개혁으로, 불평등을 넘어 함께 사는 사회로! 저와 정의당이 앞장서겠습니다. 감사합니다.",정권교체를 넘어 사회대개혁으로! 불평등을 넘어 함께 사는 사회로!,
"김경수, 김동연 후보의 증세 주장을 환영한다",,statement,20250417 13:32:19,"더불어민주당 이재명 후보 싱크탱크 ‘성장과 통합’의 유종일 대표가 ‘세금을 올려서 재분배하는 것은 정치적으로 가능하지 않다’고 말했다. 내란정부에서 시작된 무책임한 감세 포퓰리즘을 지속하겠다는 주장에 매우 우려가 크다. 반면 김경수·김동연 후보는 증세를 주장한 것에 대해서는 환영을 표한다.

윤석열 정부에서 계속된 법인세·종부세·금투세 완화 및 폐지로 작년 나라살림 적자 규모가 105조 원에 달하고, 지난 2년간 세수결손이 87조 원이다. 이 때문에 긴급복지예산이 줄었고, 주택도시기금에서 세수부족을 메우면서 공공임대주택 예산도 줄었다. 긴급복지 신청을 했으나 예산소진으로 지원받지 못한 이가 반지하에서 고독사했다. 공공임대주택이 절실한 전세사기 피해자들은 여전히 새로 발생하고 있다. 부자감세 때문에 서민들의 삶이 위태롭다.

이번 대선에서 반드시 논의되어야 할 것이 바로 ‘부자감세 원상복구’와 ‘증세’이다. 증세를 이야기하지 않고 성장이나 투자, 복지를 논할 수 없다. 경기침체와 무역질서 변화로 기업도 위기이고, 가계도 위기이다. 국가가 재정을 투입하여 민생 ‘구출’에 나서야 한다. 민생이 구출되어야 성장도 가능하다. 

국가의 목표는 성장 그 자체가 아니라 국민의 행복이다. 세금은 우리가 하나의 공동체로 살아가기 위한 약속이자 공공재산이다. 세금이야말로 정치의 본령이며, 민주주의의 기반이다. 증세를 회피하는 정치는 신뢰할 수 없다. 증세를 회피하는 정치는 민주주의의 약화로 이어진다. 

정의당은 이번 대선을 민생회복과 불평등해소를 위한 선거로 규정한다. 이를 위해 윤석열 정부의 부자감세 원상복구는 물론이며, 0.1% 초부유층을 대상으로 하는 증세, 자산과 금융 격차를 해소할 수 있는 증세, 기후위기 해소를 위한 증세를 주장할 것이다. 대선에 나서는 정치세력이라면 증세 논의에 참여하여 국민의 삶에 대한 책임을 다해야 할 것이다.","- “내란정부가 시작한 무책임한 ‘감세 포퓰리즘’ 끝내야”
- “증세 이야기하지 않고 성장·투자·복지 논할 수 없어”
- “세금이야말로 정치의 본령이며, 민주주의의 기반”
- “증세 회피 정치는 신뢰할 수 없고, 민주주의 약화로 이어질 것”
- “대선에 나온다면 시민의 삶에 책임 다하기 위해 증세 논의 참여해야”",
지오메디칼지회·신성자동차지회 해고자 복직 쟁취 기자회견 발언,,statement,20250417 21:08:32,"차별과 불평등에 맞서 싸우고 있는 정의당 대표 권영국입니다. 광주에서 여기까지 새벽에 올라오셨을 텐데요. 정말 고생이 많습니다.

광주 지역에 지금 노동조합 탄압을 받고 있는 신규 노동조합이 3곳이기도 한데요. 그중에서 오늘 지오메디칼과 신성자동차 조합원 동지들이 올라오셨습니다. 제가 대표가 되고 난 이후에 전국을 순회한 적이 있습니다. 그때 신성자동차에서 노조 탄압이 너무 심각해서 우리 노동조합 간부님들과 함께 간담회를 가진 바도 있었습니다.

그로부터 이미 꽤 많은 시간이 흘렀었는데 지금 돌이켜 보니까 훨씬 더 상황이 심각해져 있습니다. 제가 이렇게 이야기하겠습니다. 스타비젼, 지오메디칼을 자회사로 두고 있는 모 기업입니다. 그러면 스타비전이 실제로 지오메디칼에 경영 전반에 대한 책임을 지는 곳입니다.

스타비전 들으십시오. 지역에 있는 노동조합 탄압 문제를 전국적인 문제로 꼭 만들고 싶은 생각이 있는지 묻습니다. 그렇게 잘 나갔던, 마음대로 국민들을 통치하려고 했던 윤석열조차도 파면됐습니다. 

노동자들의 권리를 인정하지 않는 우리 현실에 대해서 시민들이 분노하고 있습니다. 그래서 사회대개혁이 사회적 화두로 떠오르기 시작했습니다. 거기에는 매우 중요하게도 노동조합할 권리, 또 노동조합을 한다는 이유로 해고되지 않을 권리, 차별받지 않을 권리가 포함됩니다. 이 문제가 얼마만큼 중요하게 다루어지고 있는지 주목해야 합니다.

저는 20년 이상 노동 전문 변호사로 일을 해 왔습니다. 조합원들에게, 동료 노동자들에게 노동조합 가입하라고 문자 보낸 것이 그것이 어떻게 무단 유출이 됩니까? 말도 안 되는 소리를 하고 있지 않습니까?

그리고 또 하나, 엄청난 매출을 가지고 돈을 벌어서 성과급을 주려면 함께 일했던 노동자들에게 함께 나누어 줘야지, 성과급을 몰래 간부들 몇 명이 나눠 먹는 이 파렴치한 경영을 해놓고, 그것을 노동조합이 공개했다고 ‘무단 유출’입니까? 정보 공개를 무슨 무단 유출이라고 합니까?

참으로 이해할 수 없는 짓거리를 하고 있습니다. 지금 시대가 어느 시대입니까? 노동조합 했다고 해서 혐오하고, 해고하고, 이게 뭐 하는 짓입니까? 정의당이 함께 이 문제에 주목하고자 합니다. 그냥 정의당만 주목하는 게 아닙니다.

너무 화가 납니다. 그리고 광주에 또 있죠. 신성자동차. 노조 만들고 조끼 입었더니 회의에 참석시키지도 않습니다. 노동조합 조합원이라는 이유로 당직 근무도 배제합니다. 판매 실적을 뚝뚝 떨어뜨리게 만들어 놓고, 실제로 떨어지니까 그것을 이유로 해서 해고해 버립니다. 징계합니다.

이것은 헌법에 규정되어 있는 노조할 권리 노동권을 부정하고 있는 것 아닙니까? 그래서 이렇게 얘기합니다. 광주 지역만의 문제가 아닙니다. 대한민국의 노동권을 부정하는 이 문제는 단순히 지역의 문제로 남지 않습니다.

스타비젼, 똑똑히 기억하기 바랍니다. 이렇게 노동자들 괴롭히고 노조 할 권리 보장 안 하고 해고하면 아마 그렇게 썩 쉽지 않을 겁니다. 지금이라도 늦지 않습니다. 이미 중노위까지 부당해고로 판정했으면 즉각 복직시키고 교섭에 응하시기 바랍니다.

그것이 함께 살아가는 길입니다. 저희들도 최대한 함께할 것을 이 자리에서 약속드립니다. 힘내시기 바랍니다. 고맙습니다.",노동자들이 삶을 회복하고 일터로 돌아갈 때까지 연대하겠습니다,
‘국가성평등지수 하락’ 경고음 절대 놓쳐선 안 된다,,statement,20250418 14:08:08,"우리나라의 성평등 수준을 평가하는 ‘국가성평등지수’가 2010년 시작된 이래 처음으로 전년 대비 하락했습니다. 2022년 기준 66.2점이었던 것이 2023년에는 0.8점 줄어든 65.4점이 되었습니다. 너무 더디게 증가해 온 것도 문제적인데, 오히려 후퇴한 것입니다. 

국가성평등지수는 고용·소득·교육·건강·돌봄·양성평등의식·의사결정 등 7개 영역에서 남녀 격차를 측정해 수치로 나타냅니다. 100점에 가까울수록 평등하고, 0점에 가까울수록 불평등합니다. 

교육과 건강은 90점대로 평등한 편이지만, 소득·고용·양성평등의식은 70점대로 갈 길이 멉니다. 돌봄과 의사결정은 30점대, 처참합니다. 돌봄의 경우 코로나19로 인한 결과로 분석되는데, 의사결정은 변명의 여지조차 없습니다. 국회의원, 4급 이상 공무원, 관리자 성비 등이 여기에 포함됩니다.

윤석열 집권 3년의 결과입니다. 윤석열이 망친 수많은 가치 가운데 가장 대표적인 것이 성평등입니다. 국가성평등지수가 경고음을 울렸습니다. 특히 양성평등의식 지표가 큰 폭으로 떨어진 것은 윤석열의 영향으로 해석될 수밖에 없습니다.

윤석열은 여성가족부를 폐지하겠다고 공약했지만 정작 폐기된 것은 그 자신이었습니다. 이제 윤석열이 망친 모든 것을 되돌려야 합니다. 대선 국면이 열렸습니다. 이 국면을 앞장서서 열어낸 여성 시민들의 권리를 드높여야 합니다.

정의당은 장관조차 없이 방치된 여성가족부를 성평등부로 확대 개편하고, 성별임금격차해소법과 성평등임금공시제를 도입하겠습니다. 김동연 후보도 공약한 비동의 강간죄도 조속히 제정해야 합니다. 낙태죄가 헌법불합치 결정을 받은 지 6년이 됐지만 아직도 대체입법이 이뤄지지 않았습니다. 여성의 성·재생산 권리 보장을 위한 입법을 서두르겠습니다.

국가성평등지수가 보내온 이 경고음을 결코 놓쳐서는 안 됩니다. 이번 대선에 성평등을 외면하는 정치세력의 설 자리는 없을 것입니다. 차별과 혐오의 정치는 윤석열과 함께 파면됐다는 사실을 분명하게 선언합니다.","- “국가성평등지수 15년 만에 첫 하락, 윤석열 집권 3년의 결과”
- “여성가족부 폐지하겠다고 호언장담한 윤석열, 정작 자신이 폐기돼”
- “성평등부 확대 개편 등 대선 국면 열어낸 여성시민 권리 확대해야”
- “김동연 비동의강간죄·낙태죄 대체입법 공약 환영, 조속히 입법해야”
- “성평등을 외면하는 정치세력은 이번 대선에 설 자리 없어야”",
제24회 장애인차별철폐의날 기념식 축사,,statement,20250418 14:57:29,"장애인 동지들 반갑습니다. 정의당 대표 권영국입니다. 장애인도 시민으로 이동하는 민주주의, 누구도 차별받지 않고 모두가 평등한 권리를 누릴 수 있는 사회를 꿈꾸며 다가오는 대선에 출마한 후보자이기도 합니다. 

지난 3월 26일 공투단 출범을 알리는 전국장애인대회에 함께했는데, 오늘 이 자리에도 함께할 수 있게 되어 반갑고 좋습니다. 5월 1일 해단식까지 함께할 수 있으면 좋겠습니다. 

장애인 괴롭히던 윤석열이 파면되고 처음 맞는 장애인 차별 철폐의 날입니다. 탄핵 투쟁 광장에 늘 장애인 동지들이 있었던 걸 기억합니다. 우리의 광장은 단지 ‘윤석열 파면’에 그치지 않았습니다. 평등한 권리를 요구하는 연대의 장으로 넓어졌습니다. 장애인 동지들의 치열한 투쟁으로 이루어낸 결과라고 생각하는데, 맞습니까? 

우리는 지난겨울, 그리고 매화꽃 피는 초봄까지 치열하게 투쟁해서 내란수괴 윤석열을 쫓아냈습니다. 하지만 윤석열 파면하고 정권 바꾼다고 장애인의 삶이 본질적으로 달라지지 않는다는 사실을 우리는 잘 알고 있지 않습니까? 장애인 시민이 비장애인 시민들과 동등한 권리를 누리려면 비장애인들만의 규칙을 거부해야 한다는 사실을 지난 수십년간 배워왔습니다.

올해 보건복지부가 ‘장애인의 날’을 맞아 정한 슬로건이 그렇습니다. “행복을 바라봄, 일상을 바라봄, 희망을 이어봄”이라고요. 비장애인의 배려로 행복을 바라볼 수 있습니까? 권리예산 없이 장애인의 일상이 평등할 수 있나요? 우리는 동정이 아니라 투쟁으로 희망을 이어갑니다. 맞죠? 비장애인들의 시혜적 시각을 걷어차고 진정한 평등을 향해 힘차게 나아가는 장애인 동지들의 투쟁이 삶을 본질적으로 바꾸는 원동력일 것입니다.

정권교체를 넘어 장애인이, 소수자들이 차별받는 현실을 바꿔야 합니다. 오늘 장애인 차별 철폐의 날은 바로 그 투쟁을 결의하는 날이라고 생각합니다. 저와 정의당은 장애인 동지들의 투쟁을 전적으로 지지합니다. 7대 장애인권리입법과 탈시설지원법이 나중으로 밀려나지 않고 바로 올해 대선의 핵심 의제로 부각될 수 있도록, 정의당과 저도 힘차게 싸우겠습니다. 투쟁!",정권교체를 넘어 장애인이 차별받는 현실을 바꿔야 합니다,
반도체특별법 패스트트랙 지정 당장 철회하라!,,statement,20250418 17:22:05,"반도체특별법이 패스트트랙으로 지정됐다. 주요 쟁점인 근로시간 상한제 예외 적용 조항이 빠졌다곤 하나, 여전히 문제적인 조항들로 가득한 법안이다. 충분한 숙고와 토론을 거쳐 처리해야 할 법안이 대선 정국의 소란을 틈타 소리소문없이 처리되는 것에 심각한 유감을 표한다.

대선까지 50일도 채 남지 않은 시점이다. 선거운동 과정에서 반도체특별법에 대한 유권자들의 의사가 분명하게 확인될 것이다. 차기 대통령이 선출되면 집권 초기 강력한 동력으로 유권자들의 의사에 따라 법안을 처리하면 될 문제다. 무엇이 그리도 급한가?

정의당이 이미 여러 차례 지적해왔듯, 근로시간 상한제 예외 적용이 철회됐어도 반도체특별법은 과도한 반도체 재벌 특혜와 기후위기 심화, 환경 파괴 우려로 가득한 문제적인 법안이다. 

민간 반도체 재벌들의 이익을 위해 공기업 내지 국유산업에 맞먹는 공적 지원과 특혜를 부여하는데, 이를 통해 발생하는 이익을 어떻게 환수할 것인지, 독과점과 환경 파괴 문제는 어떻게 규제할 것인지는 완전히 빠져 있다. 

반도체산업은 엄청난 전력과 물(용수), 그리고 알려지지 않은 화학독성물질의 사용을 필요로 한다. 국민의 필수재이자 기본권인 환경 자원이 오로지 재벌 이익을 위해 활용되는 명백한 기후 부정의이고, 주민들의 건강권을 위협하는 법안이기도 하다.

재벌 특혜, 기후위기와 환경 파괴를 조장하는 반도체특별법은 극히 신중히 논의되어야 한다. 국회는 패스트트랙 지정을 당장 철회하고, 대선 기간 유권자들의 판단을 받은 뒤 다시 논의하라!","- “대선 정국 소란 틈타 반도체특별법 패스트트랙 처리, 심각한 우려”
- “반도체특별법, 대선 기간 유권자 판단 받아 처리해도 늦지 않아”
- “반도체특별법, 재벌 특혜와 기후위기 심화, 환경 파괴 우려로 가득해”
- “반도체특별법, 재벌 이익 환수 및 환경 보전 위한 규제 방안 없어”
- “반도체 산업, 화학독성물질 사용해 주민 건강권 위협해”
- “재벌 특혜, 기후위기, 환경 파괴 조장하는 반도체특별법 신중히 논의돼야”",
4.19 혁명 65주년 메시지,,statement,20250419 11:56:26,"오늘은 제65주년 4·19혁명 기념일입니다. 65년 전 오늘, 대구의 학생들과 광주와 마산의 시민들, 그리고 마침내 전국의 시민들이 독재를 위해 부정선거를 자행한 무도한 권력자 대통령 이승만에 맞서 들불처럼 일어났습니다.
 
수백 명이 죽고 수천 명이 다친 끝에 민주주의를 지켜냈습니다. 불의에 항거해 민주주의를 지켜낸 민주영령들의 영원한 안식을 기원합니다. 여러분이 있어 오늘 우리의 광장이 있었음을 결코 잊지 않겠습니다.
 
피로 쓴 민주주의, 몸으로 지켜낸 민주주의. 4·19혁명을 시작으로 바로 오늘 윤석열 파면 광장까지, 이 땅의 민주주의를 지킨 것은 언제나 주권자 시민이었습니다. 권력자들이 역사의 시계를 뒤로 돌리려 들 때마다 그것을 막아내고 시계를 앞당겨 왔습니다.
 
21대 대선은 주권자 시민이 지켜낸 민주주의를 정치가 어떻게 발전시킬 것인지 그 숙제를 제출하는 선거입니다. 내란세력을 완전히 청산하고 우리 사회를 평등과 존중이 흘러넘치는 사회로 바꾸어낼 때 4·19와 12·3을 낳은 권력자의 폭주를 영구적으로 막을 수 있을 것입니다.
 
정의당은 그러한 믿음과 확신으로 뚜벅뚜벅 걸어가겠습니다. 다시 한번 4·19 민주영령들의 영원한 안식을 기원합니다.",이 땅의 민주주의를 지킨 것은 언제나 주권자 시민이었습니다,
정리해고 반대 투쟁에 폭력으로 답한 현대차 규탄한다,,statement,20250419 16:22:12,"어제 현대자동차 울산공장 앞에서 열린 이수기업 투쟁문화제에서 사측 경비대의 폭력과 경찰의 방관으로 집회 참가자 10명이 다치고 3명이 연행되는 사태가 벌어졌습니다. 하루아침에 일자리를 잃고 200일 동안 거리에서 싸우고 있는 노동자들에게 현대자동차는 폭력으로 답했습니다.

이수기업은 현대자동차 울산공장 사내하청업체로, 이곳에서 일하는 노동자들은 길게는 25년, 짧게는 11년 일해온 베테랑들입니다. 그들 모두는 다른 기업으로 입사했다가 몇 차례 페업을 거치는 동안 고용승계를 통해 이수기업 소속이 되었습니다.

폐업 시 고용승계 원칙은 현대자동차 노사 합의로 2003년부터 이어져 온 중요한 원칙입니다. 그런데 현대자동차는 그 원칙을 일방적으로 폐기한 것입니다. 작년 9월 이수기업은 결국 폐업했고, 노동자 34명은 전원 해고를 당했습니다.

조합원들은 이수기업이 불법파견으로 확인되자 현대자동차에서 폐업을 감행한 것이라는 의혹을 갖고 있습니다. 조합원들은 이처럼 부당한 정리해고에 맞서 싸워오고 있습니다. 하지만 현대자동차는 사측 경비대, 일명 ‘구사대’를 동원해 항의할 권리조차 가로막은 것입니다.

현대자동차는 구사대 동원을 당장 중단하고 부상자들에게 사과해야 합니다. 그리고 하루 빨리 원칙에 따라 고용승계 하기 바랍니다. 경찰은 연행한 참가자들을 즉각 석방해야 할 것입니다. 정의당은 해고노동자들이 공장으로 돌아가 삶을 회복할 때까지 적극 연대하겠습니다.","- “이수기업 투쟁문화제 집회 참가자 10명 부상, 3명 연행”
- “정리해고 반대 투쟁에 현대자동차는 폭력으로 답해”
- “폐업 시 고용승계 원칙은 20년 넘은 관행… 현대차 일방 폐기 규탄한다”
- “현대차 구사대 동원 당장 중단해야, 경찰은 연행자 즉각 석방하라”",
제24회 ‘장애인 차별 철폐의 날’ 메시지·혜화동성당 고공농성 관련 입장문,,statement,20250420 16:08:13,"오늘은 제45회 장애인의 날입니다. 달력에는 그렇게 써 있습니다. 장애계는 오늘을 ‘장애인 차별 철폐의 날’로 바꿔 부릅니다. 장애운동 활동가 박초현·민푸름·이학인님이 서울 혜화동성당에 종탑 위에 올라 농성을 시작한 지 사흘째 되는 날이며, 일요일 부활절이기도 합니다.

이 모든 날들이 교차하는 길목에 ‘탈시설 권리’가 있습니다. 장애인 시민들이 비장애인 시민과 동등하게 우리 사회에서 함께 살아가도록 보장하는 것이 아니라, 그 권리를 보장할 수 없으니 ‘시설’에 격리시켜 살아가도록 제한하는 것이 우리 사회가 장애인에게 강제해 온 규칙입니다.

그 규칙 속에 ‘모든 시민은 평등하다’는 규범은 작동하지 않습니다. 감옥 같은 시설에서 장애인들은 수시로 인권침해에 노출됩니다. 작년 11월 한 피해자의 고발로 드러난 울산의 한 시설 실태가 대표적입니다. 확인된 학대피해 의심사례만 500여건에 달합니다.

장애인들은 이러한 반인권적 현실을 거부하고 동등한 시민으로서 살아갈 자유를 요구하며 탈시설 권리를 주장해 왔습니다. 정의당이 지난 국회에서 발의했으나 끝내 통과시키지 못한 탈시설 지원법과 장애인 권리 보장법에 그 목소리들이 담겨 있습니다.

이 법들은 22대 국회에도 발의되었으나 더 멀리 나아가지 못한 채 표류되어 있습니다. 천주교는 전국에 장애인 거주시설 175개를 운영하고 있습니다. 탈시설 권리가 ‘전체주의적 정책’이고 ‘생명권 침해’라며 왜곡, 폄훼하면서 탈시설 지원법을 적극적으로 반대하는 대표적인 기관입니다.

박초현·민푸름·이학인 세 사람이 혜화동성당 종탑 위에 오른 이유입니다. 천주교가 하루빨리 탈시설 입장을 바로잡아야 세 사람이 땅으로 내려올 수 있습니다. 정의당은 천주교가 사랑과 자비로 장애인들과 함께 탈시설 권리를 외치는 날이 가까워지기를 바라고 또 바랍니다.",천주교가 사랑과 자비로 탈시설지원법 지지하기를,
오세훈 서울시장과 서울시는 전장연과의 대화에 나서라,,statement,20250421 15:33:13,"오늘 전국장애인차별철폐연대(이하 전장연)의 출근길 지하철 타기가 1년 만에 재개됐다. 그러자 국민의힘 김재섭 의원은 “전장연은 협상 대상이 아니라 처벌대상”이라며 ‘전장연 방지법’을 추진하겠다고 한다. 지난 1년간 전장연을 협상 대상으로 삼은 적도 없지 않은가.

김 의원은 안전한 이동을 원하는 장애인들의 요구를 “떼법”과 “불법” 운운하며 겁박하지 말고, 지역구의 지하철역 한번 다녀오시길 권한다. 도봉구민들이 자주 이용하는 창동역은 장애인들의 환승이 복잡하고, 사고 위험성이 높은 휠체어 리프트를 이용해야 하는 등 안전에 문제가 있는 역이다. 어쭙잖게 이준석 따라 하지 말고 지역구에 있는 지하철역부터 잘 살피기 바란다.

또다시 전장연 때리기에 나선 개혁신당 이준석 의원에게도 전한다. 전장연 시위 때만 등장하는 이 의원의 관심이야말로 갈등을 방관하는 무책임한 정치다. 지난 1년 동안 단 한 번도 장애인들의 이동권 문제를 다루지 않았던 이 의원은 입에 도덕과 협의를 말할 자격도 없다.

그간 전장연의 지하철 타기 행동에 숱한 비난과 평론을 행했던 정치인들에게 묻는다. 1년간 이들이 지하철을 타지 않는 동안 대화와 협의가 있었는가? 협의를 위한 최소한의 노력이라도 했는가?

전장연의 시위행태를 입에 올린 정치인 중에 장애인 당사자들이 요구하고 있는 안전한 이동권과 권리입법을 위해 노력한 정치인은 보이지 않는다. 질타와 압력에도 꿋꿋이 지하철을 탈 수밖에 없는 장애인들과 대화하거나 협의하는 정치가 사라졌다.

지하철이 멈추지 않으니, 장애인을 향한 정치가 멈췄다. 1년 기다림의 결과가 철저한 무시라면 장애인들은 다시 한번 세상에 목소리 내기 위해 지하철을 타는 수밖에 없다.

1년을 인내하며 대화를 요구한 전장연과 장애인들에게 손가락질하기 전에 무책임한 정치와 행정에 사과하는 것이 도리다. 지금이라도 서울시와 오세훈 시장은 전장연과의 대화에 나서라. 지하철 멈추는 게 그렇게 염려된다면 서울시가 멈춘 정치부터 다시 정상 운행하길 바란다.","- ""'전장연 방지법' 운운 김재섭 의원, 본인 지역구 지하철역부터 돌아보라""
- ""전장연 시위 때만 등장하는 이준석, 도덕과 협의 말할 자격 없다""
- ""1년간 출근길 지하철 타기 안 하던 전장연과 대화하려는 정치 없었어""
- ""지하철이 멈추지 않으니 장애인을 향한 정치도 멈췄다""
- ""전장연 손가락질 전에 무책임한 정치와 행정에 사과부터""
- ""지하철 멈추는 게 염려된다면 서울시의 멈춘 정치부터 움직이길""",
프란치스코 교황 선종 관련,,statement,20250421 17:52:15,"언제나 고통받는 이들의 곁에서 함께했던 프란치스코 교황이 88세의 나이로 선종하셨습니다. 

2014년 8월 방한한 교황의 거침없는 발걸음을 생생하게 기억합니다. 당시 박근혜 정부에 의해 정쟁거리로 공격당하던 세월호 참사 유가족을 프란치스코 교황은 거리낌 없이 만나 위로했습니다. “인간의 고통 앞에서 중립을 지킬 수는 없다.” 그 간명한 말씀이 우리 사회를 살렸습니다. 

프란치스코 교황이 2023년 12월 동성 커플에 대한 가톨릭 사제의 축복을 허용한 결정도 잊을 수 없습니다. 그의 시대에 가톨릭은 전진했습니다. 지금도 온몸으로 세상의 편견과 맞서고 있는 성소수자들에게, 그리고 모든 소수자들에게 이 결정은 참으로 따뜻한 위로이자 희망이고 용기였습니다.

여성과 무슬림의 발을 씻겨준 일, 교황청 장관에 최초로 여성을 임명한 일, 러시아의 우크라이나 침공과 이스라엘의 가자 지구 폭격에 분명하게 평화의 목소리를 낸 일도 기억하겠습니다. 그 고귀한 삶의 여정을 오래도록 기억하겠습니다.

프란치스코 교황이 2014년 방한 당시 ‘꽃동네’라는 이름의 시설에 방문하신 것은 아쉬움으로 남아 있습니다. 장애계가 탈시설 권리를 요구하는 가운데 이어진 행보였기에 장애인들에게는 큰 아픔이었습니다. 성소수자와 여성, 무슬림을 인정하지 않았던 가톨릭이 프란치스코 교황의 시대에 변화의 모습을 보여주었듯이, 프란치스코 교황 이후의 시대에는 장애인들의 탈시설 권리도 받아들일 수 있기를 기대하고 바랍니다. 

교황께서 못다 한 실천과 봉사, 성찰을 정의당이 이어가겠습니다. “아주 가난하고, 약하고, 중요하게 여겨지지 않는 사람들을 끌어안아야 한다”라는 말씀을 제 마음에 새기겠습니다. 프란치스코 교황의 영원한 안식과 평화를 빕니다.",프란치스코 교황의 삶과 말씀을 오래도록 기억하겠습니다,
지구의 날 메시지,,statement,20250422 16:56:09,"오늘은 55번째 지구의 날입니다. 1970년 미국에서 기름유출로 인한 해양 오염이 발생하자 수많은 시민들이 이에 항의하기 위해 시위를 벌인 뒤로 4월 22일을 지구의 날로 정해 기념하고 있습니다. 55년 전 우리는 해양 오염을 걱정했지만, 이제 전 세계는 기후위기라는 행성 차원의 위기에 직면해 있습니다.

작년 여름의 지독했던 폭염, 9월 중순 가을까지 이어진 폭염·폭우, 11월 단풍 위에 내린 첫눈 폭설, 올해 2월 입춘에도 풀리지 않은 혹한, 4월 떨어지는 벚꽃 위에 내린 폭설까지. 마치 기후위기 부정론자들을 향해 항변이라도 하는 듯한 비정상적인 날씨가 연일 이어지고 있습니다.

기후위기는 당면한 현실입니다. 전 세계가 파리협정에서 합의한 마지노선 ‘1.5도’는 작년에 기어이 무너졌습니다. 온실가스 농도도 역대 최고 수준, 이산화탄소·메탄·아산화질소 농도도 기록적이었습니다. 해수면 상승 속도와 남극·북극 해빙 속도도 점점 빨라지고 있습니다.

상황이 이런데도 국민의힘 후보들은 기후위기의 ‘기’ 자도 꺼내지 않습니다. 기후악당 윤석열의 후계자를 자처하는 이들이니 이해는 됩니다. 출마할 자격도, 능력도 없음을 스스로 입증하고 있습니다.

민주당 이재명 후보는 ‘2040년 석탄 발전 폐쇄’를 공약했습니다. 20대 대선 당시 구체적 목표를 제시하지 않았던 것에 비하자면 진일보한 입장입니다. 하지만 TK·가덕도 신공항 추진과 청주공항 확장 공약 등 탄소중립에 역행할 수밖에 없는 공약들도 함께 꺼내고 있어 우려스럽습니다.

‘탈원전’을 중단하고 원전 수명을 연장하는 방향의 정책이 준비되고 있다는 보도도 나왔습니다. 20대 대선 당시 ‘기존 원전은 사용기한까지만 사용하고 추가 건설하지 않을 것’이라던 공약에서도 심각하게 역주행한 것입니다.

정의당은 역주행하지 않겠습니다. 앞으로만 나아가겠습니다. 20대 대선 공약, 22대 총선 공약을 보완, 발전시켜 기후위기에 총력으로 대응할 것입니다. 

2035년까지 2018년 대비 온실가스를 70% 감축하고 공공재생에너지는 60% 수준으로 확충하겠습니다. 그린리모델링과 녹색공공교통 구축 등 녹색일자리를 창출하겠습니다. 2030년 탈석탄 100% 달성을 목표로 하되, 그 과정에서 노동자와 지역주민들의 희생이 강요되지 않도록 ‘정의로운 전환’의 관점을 철저히 견지하겠습니다.

지구를 위해, 우리를 지키기 위해 기후위기 대응에 박차를 가해야 합니다. 윤석열이 3년간 망가뜨리고 후퇴시킨 그 모든 것을 되돌려놓는 것을 넘어 더욱 적극적인 기후위기 대응에 앞장서겠습니다.",기후위기에 총력 대응해야 합니다,
혐오와 증오가 설 곳은 이 땅에 없어야 한다,,statement,20250423 13:23:45,"우리 사회가 방치한 적대와 증오가 사람을 때렸다. 지난 17일, 서울 광진구에 위치한 양꼬치거리에서 믿기 힘든 폭력이 벌어졌다. 윤석열 지지 집회를 개최한 뒤 행진을 하던 ‘자유대학’ 회원들이 인근 상가들을 배회하며 혐오 발언을 쏟아냈다. 폭행도 있었다.

집회 참가자들이 정당하게 영업하는 상인들과 거리를 지나는 사람들을 위협한 이유는 이들이 “중국인”이라 여겨지기 때문이었다. 적대와 증오가 사람을 때렸다. 더는 외면해선 안 된다. 혐오가 만든 폭력에 단호히 반대한다. 사람을 혐오하고 폭행할 ‘자유’는 누구에게도 없다.

우발적인 충돌이 아니었다. 한국 내 중국인들을 대상으로 한 시위는 철저히 사전에 기획됐다. 윤석열 이름을 내건 이들이 거리 곳곳에서 계획적인 폭력을 자행했다. 윤석열의 파렴치한 극우 선동과 무분별한 중국 음모론이 불러일으킨 폭력이다. 

국민의힘은 내란 공범에 이어 혐중 폭력 공범이 됐다. 폭력으로 치달은 혐오 정서에 단호히 선 그어야 할 정치인들이 여전히 혐오와 증오를 방치하고 있다. 낙선한 나경원 후보는 극우 집회의 구호와 언어들을 버젓이 홍보물에 활용했다. 낯뜨겁고 부끄럽다.

시대는 평등과 연대를 향해가고 있다. 배제와 차별의 정치가 아니라 모두를 지키는 정치가 필요하다. 혐오와 증오가 설 곳은 이 땅에 없어야 한다. 

정의당은 혐중 폭력 시위에서 포괄적 차별금지법의 시급성과 더욱 강력한 규제법의 필요성을 다시 한번 확인했다. 보복성 불이익 행위에 대해서만 형사 처벌을 할 수 있도록 규정한 포괄적 차별금지법은 물론이고, 이미 해외 선진국에서 보편적으로 시행하고 있는 ‘증오 발언 금지법’의 필요성도 적극적으로 검토할 것을 약속한다.",,
난민신청자 강제송환 반대 활동가를 즉각 석방하라!,,statement,20250423 16:14:39,"오늘 화성외국인보호소 앞에서 열린 난민신청자 강제송환 반대 집회에서, 시민단체 활동가들이 법무부 호송버스를 가로막고 저지 시위를 벌이던 중 경찰에 의해 체포됐다. 이 과정에서 경찰은 활동가들에게 수갑을 채우고 강제적으로 이송했다. 

강제송환은 난민의 생명과 인권을 위협하는 심각한 인권침해다. 오늘 집회는 전국 60여 개 이주인권단체가 함께 모여 강제송환을 중단하라고 요구한 정당한 행동이었다.

대한민국은 국제 사회 일원으로서 인도주의적 책임을 다해야 한다. 통제와 추방이 아닌, 인권을 우선하는 국가가 되어야 한다. 정부는 난민을 보호하는 데 앞장서긴커녕, 버스 안에 호송 대상자들이 있는지 공개하라고 요구하는 활동가를 공권력을 통해 연행했다.

집회 참가자에 대한 폭력적 체포를 강력히 규탄한다. 정부는 연행된 2명의 활동가를 즉시 석방하고, 강제송환 절차를 전면 중단하라!

아울러 국회는 지난 2월 27일 헌법재판소 결정 취지를 거슬러 개정한 출입국관리법을 인권 중심으로 다시 개정할 것을 촉구한다. 구금 기간을 대폭 제한하고, 구금과 송환에 대한 통제를 독립적이고 중립적인 사법기관에 맡겨야 한다.

차별 없는 나라, 함께 사는 대한민국으로 나아가야 할 때다. 그것이 광장의 요구이고 오늘날의 시대정신이다. 정의당은 활동가들의 요구를 지지하며, 난민이 안전하게 살 권리를 위해 연대를 이어갈 것이다.","난민신청자 강제송환 반대 집회 참가자 2명 강제연행
경찰의 폭력연행 규탄한다! 강제송환 중단하라!",
농어업-농어촌 먹거리 대전환을 위한 국회 토론회 축사,,statement,20250423 16:33:40,"반갑습니다. 정의당 대표, 권영국입니다. 

내란수괴 윤석열을 몰아낸 새로운 사회의 농어업, 농어촌 먹거리 정책 밑바탕이 될 오늘 토론회에 초청해 주셔서 감사합니다. 윤석열 퇴진을 위해 남태령 고개를 넘어 서울로 향했던 농민들, 남태령 고개를 넘어설 수 있도록 함께 연대한 다양한 얼굴의 시민들이 오늘의 자리로 이어지고 있는 것이라 생각합니다. 남태령과 한남동, 안국역에서 함께 했던 정의당도 그 기억을 잃지 않고 연대회의와 함께 하겠습니다.

어제 정부 추경예산안이 국회에 제출되었습니다. 단 1,150억원만 추경으로 제출한 농림축산식품부는 그마저도 농민들과 무관한 사업들에 주력하고 있습니다. 양곡관리법에는 거부권을 행사하고, 쌀산업의 구조개혁 대책으로 우리 농가의 재배량을 강제로 줄이는 정책을 추진하고 있습니다. 수입쌀이 매년 40만 톤 이상 의무 수입되고 있음에도 쌀 과잉생산의 원인이 마치 우리 농가에 있는 것처럼 호도하는 셈입니다. 내란 정부의 식량주권 경시는 여전히 변함 없습니다.

이제 먹거리 정책은 기후위기 시대와도 무관치 않습니다. 극단적인 기후변화는 농업 생산의 불안정성을 높여 국가적 식량위기, 우리 농가의 생계 문제를 야기하고 있습니다. 그 대안을 정부는 식량 수입에서 찾지만 2020년 기준 식량 수입 과정에서 발생하는 탄소 배출량은 전체 배출원의 28%를 차지합니다. 먹거리 정책이 기후위기를 가속하고, 장기적인 농업 생산량에 영향을 주는 기이한 악순환을 정부가 장려하고 있습니다. 기후위기를 대비하고 기후위기를 가속하지 않는 농업 정책으로 패러다임이 전환되어야 합니다. 

남태령 고개를 넘던 트랙터는 도시와 농촌을 연결하는 연대의 상징이 되었습니다. 생산자와 소비자, 농촌과 도시의 이분법에 갇히지 않고 삶을 살아가는 존재로서 서로에게 의지하고 있었음을 다시금 확인할 수 있었습니다. 농민들의 삶을 지탱하고 식량주권의 토대를 단단히 하는 사회대전환이야말로 다시 윤석열과 내란세력을 청산하고 남태령의 평등한 연대를 닮은 새로운 사회를 세우는 일입니다.

그 길에 첫 물꼬를 틔울 농어업, 농어촌 먹거리 대전환연대회의의 첫 토론회 자리를 진심으로 축하합니다. 고맙습니다.",,
"전세사기 특별법 2년 연장, 피해자 대상과 지원 확대 및 예방책 위한 개정안 마련돼야",,statement,20250423 17:30:14,"5월 31일 만료될 예정이던 전세사기특별법의 2년 연장안이 국토교통위원회를 통과했다. 전세사기가 사회적 문제로 공론화된 지 3년여가 지났지만 여전히 매월 1천 명 안팎의 피해자가 발생한다. 이들에 대한 지원이 필요하다는 점에서 연장안이 통과된 것은 다행이다. 일단 본회의를 빨리 개최하여 통과시켜야 한다.

하지만 지원대상이 2025년 5월 계약자까지로 한정되어 6월 이후 계약자들은 사기를 당해도 지원을 못 받는다. 6월부터 전세사기가 근절된다는 보장도 없는데, 이런 식으로 무 자르듯이 피해자 범위를 협소화한 것은 법 자체를 반쪽으로 만드는 결정이다. 피해자들의 고통과는 상관 없이 행정편의적 발상이며 정치권의 부담을 줄이고자 하는 꼼수로밖에 보이지 않는다.

또한 전세사기를 예방하는 제도개선도 시급하다. 정의당은 21대 국회에서 갭투기 근절을 위한 전세가율 70% 규제, 바지임대인을 막는 임대인 정보제공 의무 강화, 임대인이 보증금 미반환시 연 12%의 지연이자를 물게 하는 등의 법안을 발의했지만 통과되지 못했다. 22대 국회는 당장 관련 법안의 통과에 나서야 한다. 

전세사기는 개인의 문제가 아니다. 국가가 인증한 공인중개사를 통해, 국가가 보증한 대출을 받아서, 국가가 정한 대로 계약을 하고 신고를 했음에도 불구하고 이를 이용한 사기가 발생한다면 이는 제도의 문제이다. 전세사기는 삶을 뒤흔드는 문제이다. 겨우 목돈을 모아 전세에 들어갔지만 보증금을 다 잃고, 주거 불안까지 겪게 되며, 심지어 남은 대출까지 갚아나가야 할 청년들을 생각해보라. 

특별법 연장은 시작일 뿐이다. 피해 대상 및 지원 확대, 예방제도 마련이 필요하다. 새 정부가 들어서면 민생을 위해 가장 먼저 해야 할 일 중 하나이다.","전세사기특별법 2년 연장, 본회의 신속 통과 촉구
“피해자 대상과 지원 확대, 예방책 위한 개정안 마련돼야”",
홈플러스 정상화 요구를 폭력으로 묵살하지 말라,,statement,20250424 11:43:48,"오늘 홈플러스 정상화를 요구하는 농성장이 폭력적으로 강제철거 되었다. 종로구청이 부른 용역들이 집회를 진행하던 마트산업노동조합(마트노조) 노동자들과 시민들에게 폭력을 휘둘렀다. 현장에 있던 종로경찰서는 이에 침묵하고 묵인하였다.

이 농성장은 사모펀드의 무책임을 규탄하고, 졸지에 피해를 떠안게 된 마트 노동자와 입점업체들을 지켜달라는 절실한 요구를 위한 것이다. 그런데 종로구청은 합법적으로 신고된 108배 집회를 기습적으로 방해하고 참가자들에게 부상까지 입혔다. 급기야는 유혈 사태까지 발생했다. 종로구청이 노동자의 생존권 요구를 아랑곳하지 않고 폭력으로 짓밟은 것이다.

종로경찰서 역시 여전히 권력의 만행 앞에서는 침묵하고 노동자 앞에서만 위세를 부리는 행태를 여실히 드러냈다. 불법적인 집회 방해가 이뤄지고 폭력을 동원하는데도 지켜보던 경찰은 움직이지 않았다. 

경찰은 지난 내란 사태, 그리고 최근에는 현대자동차 울산공장, 화성외국인보호소에 이르기까지 계속해서 그 힘을 노동자와 사회적 약자를 향해 휘두르고 있다. 누구보다 먼저 폭력으로부터 시민을 지켜야 할 경찰의 책임을 방기한 것이다.

마트노조 투쟁은 정당하다. 사모펀드의 만행을 방치한 국가가 책임져주지 않기 때문에 노동자들이 직접 나선 것이다. 홈플러스를 인수한 사모펀드 MBK파트너스는 법인회생을 신청하여 홈플러스 노동자들과 입점업체들을 백척간두의 위기에 내몰았다.

폭력으로 노동자들의 생존권 요구를 묵살한 종로구청과 종로경찰서를 강력히 규탄한다. 오늘 있었던 기습 농성장 철거와 폭력 만행에 대해 종로구청은 즉각 사죄해야 할 것이며, 종로경찰서 역시 이를 방기한 책임을 져야 한다.

아울러 국회 역시 조속히 제2, 제3의 홈플러스 사태를 방지할 법안을 마련해주기 바란다. 이대로는 노동자들이 몇 번이고 오늘처럼 거리로 내몰리고 폭력으로 쫓겨나야 할지 모른다. 할 수 있는 힘을 다해 사모펀드 투기자본의 전횡을 막고 노동자들의 노동권을 지켜내야만 한다.",,
"권영국 대표, 철도노조 당선자 간부교육 워크숍 인사말",,statement,20250424 14:15:53,"안녕하십니까. 정의당 대표, 권영국입니다. 31대 철도노조 지도부 출범을 축하드리며, 각 단위에서 중책을 맡아 이 자리에 모이신 철도노조 동지들에게도 연대의 인사드립니다. 지도부 선거는 한참 전에 이뤄진 것으로 압니다만, 윤석열 내란 사태로 인해 광장에서, 거리에서 먼저 인사를 드리고 또 이렇게 뵙게 됐습니다. 철도노조 동지들도 그간 고생 많으셨습니다.

지난 8월 9일, 두 명의 철도노동자는 결국 구로역에서 집으로 돌아오지 못했습니다. 선로 작업을 하던 두 노동자들은 인접선로를 지나던 검측차로 인해 유명을 달리 했습니다. 선로 작업을 하는 노동자라면 누구나 예상 가능한 사고였습니다. 그러나 사측 그 누구도 대책을 마련하지 않았습니다. 안전한 작업을 위해 인접 선로만 차단했다면 어쩌면 두 청년 동지들은 이 자리에 함께 있었을지 모릅니다. 안전이 있어야할 자리에 효율과 비용을 채운 결과입니다.

공공부문을 민영화 하려는 흐름도 짚어야겠습니다. 비용 절감을 위해 민영화 노선을 확대하고 무리한 인원 감축이 외주 인력 증대로 이어지고 있습니다. 신속과 비용절감 앞에 쫓기는 일하는 현장이야말로 최근 벌어지는 철도 사고들의 근본 원인이라는 점을 여기 계시는 동지들도 잘 아실 겁니다. 정부는 공공 교통의 책임이 있어야할 자리를 효율과 이윤으로 대체하고 있습니다. 

철도노조 동지 여러분, 내란 수괴 윤석열을 함께 몰아냈지만 아직 갈 길이 남았습니다. 안전한 일터, 책임 있는 공공철도를 지켜 모두를 위한 공공교통을 지키려 했던 작년 겨울, 철도노동자 동지들의  준법투쟁을 기억합니다. 4조 2교대 전면시행 합의 등 묵묵부답이던 국토부에게서 전향적인 입장을 얻어냈지만 아직 지켜봐야합니다. 

올해는 4차 철도산업발전기본계획이 끝나는 해입니다. 민영화와 민자철도 확산을 주 기조로 삼았던 4차 기본계획와 결별하고 시민교통의 공공성 강화를 우리 사회 교통정책의 핵심기조로 삼아야 합니다. 

철도노동자들과 진보정치가 함께 모두를 위한 철도, 시장화 반대를 요구한다면 가능합니다. 윤석열의 계엄을 멈추고 민주주의를 지켜낸 우리가 이윤에 종속된 사회를 사람을 위한 사회로 대전환 할 수 있다고 믿습니다. 저와 정의당부터 그 길에 앞장 서겠습니다.",,
"권영국 대표, ‘극우수괴’ 전광훈은 민주주의 모욕 말고 사라져라",,statement,20250424 14:51:28,"오늘 전광훈 사랑제일교회 목사가 대선 출마 선언을 했다. 시민 모욕, 민주주의 모욕, 황당하기 짝이 없는 ‘쇼’다. 길가에 널부러진 쓰레기를 솔선수범 치우는 심정으로 분명히 밝힌다. 전광훈은 출마 자격이 없다. 법적으로도, 상식적으로도 결격이다.

전광훈은 공직선거법 상습적 위반자다. 2017년 대선 당시 특정 후보를 지지하는 문자를 대규모로 보내 징역 6개월 및 집행유예 2년의 형이 확정됐다. 사전 선거운동, ‘공천 헌금’ 뒷돈 혐의로도 처벌을 받고 지금도 재판 중이다. 2028년 8월까지 선거권·피선거권 박탈 상태다.

전광훈은 그걸 알면서도 국민의힘을 자극하기 위해서 출마한다고 한다. 민주주의 사회에서 ‘자극’은 건강하고 합리적인 정치가 만드는 것이다. 건강하지도 합리적이지도 않은, 심지어 출마 자격도 없는 자가 누구를 어떻게 자극하겠다는 것인가. 스스로를 우습게 만드는 모순적인 촌극이다.

윤석열의 내란은 시민의 생명·인권·자유를 위협해 민주주의를 위태롭게 했다. 이에 편승한 극우세력은 차별과 혐오, 음모론을 앞세워 시민들과 사회적 소수자들을 ‘없애야 할 존재’라며 부추겼다. 반여성, 반성소수자, 반이주민 폭력을 선동하며 성장해 온 ‘극우수괴’ 전광훈이 그 중심에 있다.

전광훈은 오늘 ‘대한민국의 위기’를 입에 올렸다. 전광훈이 바로 대한민국의 위기다. 윤석열 파면과 함께 대한민국 민주주의 역사의 저편으로 사라져야 할 극우의 메아리일 뿐이다. 광장 시민들을 모욕하고 민주주의를 위협하는 이러한 망발을 더는 두고 볼 수 없다.

검찰은 자금추적 수사권을 발동하여 전광훈 세력의 불법자금축적 및 탈세 의혹에 대해 하루빨리 수사하라. 국회는 차별금지법을 조속히 제정하라. 차별과 혐오가 용납되는 틈새에서 전광훈이 성장했다. 차별금지법을 제정해 ‘전광훈들’을 방지할 때 우리는 비로소 혐오와 극우의 확장을 멈추고 내란 청산 이후의 새로운 세상으로 나아갈 수 있다.","- “전광훈 출마 선언은 시민 모욕, 민주주의 모욕, 황당 쇼”
- “‘극우수괴’ 전광훈은 윤석열과 함께 사라져야 할 민주주의 악당”
- “검찰은 자금추적 수사권으로 전광훈 불법자금 즉각 수사해야”
- “차별금지법 제정 통해 전광훈 성장 방지해야”",
"인권이 곧 경제다, 이주노동자 인권을 보장하라",,statement,20250424 15:56:31,"미국에서 지난 3일 신안군에서 생산되는 천일염에 대해 금수조치를 단행했다. 미국 세관국경보호청(CBP)이 신안군 태평염전에서 강제노동에 의해 생산한 것으로 의심되는 천일염 제품에 대해 수입보류명령(WRO)을 내린 것이다.

최근 미국이 또다시 우리 농어촌에서 일하는 외국인 계절노동자의 인신매매 실태조사에 나선다고 한다. 최근 공장형 축산시설에서 괴롭힘을 이기지 못해 스스로 목숨을 끊은 이주외국인 노동자 사례 등 드러나지 않은 이주외국인의 노동·인권 문제에 예의주시해야 한다.

인권이 곧 경제다. 인권은 인문학이나 철학 또는 정치학 등 이론적 논쟁 대상이 아니라, 우리 공동체의 직접적이고 현실적인 먹고사는 문제로 다가섰다.

전남은 외국인 노동자 없이는 생산 현장 유지가 어렵다. 계절노동자에게 자행된 폭행, 여권 압수, 임금 갈취 등 인신매매 피해자로 인정된 사건을 이유로 금수조치가 단행된다면 지역 경제에 미치는 파장은 상당할 것이다. 생산-유통-수출 관련업은 큰 타격을 입을 것이며, 지역 경제의 악영향도 예상된다.

정부가 나서 외교라인을 통한 통상 협상을 진행하고, 국회는 관련 법령 제·개정 등 제도를 개선해야 한다. 더욱 절실하고 시급한 것은 지금 당장 현장에서 벌어지고 있는 인권유린을 막기 위한 대책이다. 농·어업 분야와 사각지대인 축산업 분야 계절노동자들에 대한 대책도 필요하다.

전라남도는 긴급 예산을 편성하고 인력을 충원하여 이주노동자들의 농·수·축산 현장에 대한 전면적인 실태조사에 나서라. 또한 고용주들에 대한 노동인권 교육을 강화하고, 인권 사각지대에 대해서 특별 지도·감독하라. 나아가 ‘기업-위탁생산업자-노동자’의 삼중 구조 속에서 기업 책임을 강화해야 한다. 노동자 스스로가 인권의식을 함양하고, 인권침해에 대항할 수 있는 ‘교육과 구제방안 제도’를 마련하는 것도 중요하다.

차별 없는 나라, 함께 사는 대한민국으로 나아가야 한다. 우리 사회와 공동체를 지키기 위해 인권은 더 이상 ‘선택이 아닌 필수’다. 외국인 계절노동자에게도 예외란 있을 수 없다.","- “미국 세관국경보호청, ‘강제노동’ 신안군 천일염 수입보류명령 이어 인신매매 실태조사”
- “인권이 곧 경제다, 전남은 외국인 노동자 인권대책 마련하라”
- “외국인 계절노동자 없이 생산현장 유지 불가능, 인권대책 마련하라”",
"이주노조 20년, 참사와 비극의 역사를 멈춰야 한다",,statement,20250424 17:17:44,"오늘은 이주노동자노동조합(이주노조) 설립 20주년입니다. 정주노동자의 노동권도 쉽게 이야기하기 어려웠던 그 시대에 노동조합을 설립하기로 결단한 이주노동자들의 용기를 기억합니다. 그들이 바로 시대를 앞서 이끌어온 선구자들이었습니다.

저와 이주노조는 관계가 깊습니다. 당시 서울노동청은 이주노조 설립신고서를 받아들이지 않았습니다. ‘불법체류자’가 가입되어 있을 수 있다는 이유입니다. 조합원들이 행정소송을 제기하며 제가 대리인을 맡았고, 그때부터 저와 이주노조의 인연이 시작됐습니다.

장장 10년에 걸친 법정 싸움이었습니다. 대법원이 판단을 미루며 사건을 7년간 계류시키는 동안 초대 위원장도 1년간 외국인보호소에 구금돼 있다가 고국으로 추방당했습니다. 적극적인 조합원들 여럿이 추방당하는 통에 2014년 위원장에 당선된 우다야 라이 위원장은 11년째 현직입니다.

추방과 탄압, 과로와 산재 속에서 노조 합법화를 위해 견디고 버틴 10년이었습니다. 마침내 2015년 대법원에서 이주노조가 합법적이라는 결정이 나왔습니다. 한국의 공고한 장벽 하나가 무너지는 날이었습니다. 권리를 위해 싸우길 포기하지 않은 이주노동자들이 얻어낸 값진 승리였습니다.

합법화 쟁취를 위해 투쟁한 10년, 노조를 중심으로 ‘우리는 기계가 아니다’를 외치며 투쟁한 그다음 10년. 지난 20년간 이주노조의 투쟁으로 이주노동자의 권리는 크게 증진됐으나, 사업장 이동의 자유를 억압하고 인권 억압을 장려하는 ‘현대판 노예제도’ 고용허가제는 여전히 유지되고 있습니다.

이주노동자 4명이 사망한 영덕 지하탱크 참사, 한겨울 비닐하우스에서 사망한 속헹님의 비극, 정주노동자 5명을 포함해 23명이 사망한 아리셀 화재 참사, 미처 꿈을 다 못 이루고 산재로 사망한 '미등록 이주아동' 강태완님의 비극. 참사와 비극의 역사를 이제는 끝내야 합니다. 

이주노조 20년, 우리 사회가 관점을 달리해야 합니다. 정의당은 이주사회로의 전환을 준비하기 위해 이민사회 기본법을 제정하고, 이주노동자들의 사업장 변경의 자유를 보장하는 노동허가제를 도입하기 위해 싸우겠습니다.","- “이주노조 설립 20주년, 시대를 앞서 이끌어온 용기 기억해야”
- “이주노조 합법화 투쟁, 추방과 탄압, 과로와 산재를 이긴 10년”
- “이주노조 합법화 투쟁, 권리 위해 싸우길 포기하지 않은 이주노동자들의 승리”
- “이주노조 설립 20년, 하지만 현대판 노예제 고용허가제 여전해”
- “아리셀 참사·강태완 비극... 이주노동자 참사와 비극의 역사 끝내야”
- “이민사회기본법과 노동허가제 도입으로 이주노동자 함께 사는 사회 만들어야”",
권영국 대표 탈시설 권리보장 촉구 고공농성 연대문화제 발언,,statement,20250424 20:52:28,"동지들, 반갑습니다. 정의당 권영국 대표입니다. 고공농성 중인 동지들에게도 인사드립니다. 박초현, 민푸름, 이학인 동지! 너무 늦어서 미안합니다.

박초현, 민푸름, 이학인 동지! 세 동지들은 장애인이 동등한 시민으로, 시설에 갇히지 않고 지역사회의 동등한 일원으로 살아갈 존재라고 말하기 위해 좁은 종탑에 올라 몸을 맡겼습니다. 스스로 종탑에 갇혔습니다. 장애인들이 무능하고 무력하기 때문에 시설에 격리해야 한다는 말을 반박하기 위해 스스로를 종탑에 가두었습니다.

자립지원법은 장애인들이 존엄한 사회구성원으로 살아갈 수 있도록 사회가 지원하고 지지하자는 법입니다. 장애인도 동등하게, 평등하게 살 수 있도록 최소한의 토대를 국가가 보장해야한다는 법입니다. 서로에게 의지 않는 삶이 없고, 누군가의 돌봄 없이 누구도 존엄할 수 없듯이 장애를 가진 시민들의 버팀목을 동료 시민들이 함께 만들자는 선언이기도 합니다. 누구든 내일이 불안하지 않고 오늘의 삶을 지킬 수 있는 버팀목이 바로 평등입니다.

인간으로의 존엄을 지키기 위해, 보이지 않는 곳에 갇히고 격리되지 않기 위해, 동료 시민들 사이에서 한 명의 사람으로 살아가는 삶을 위해 고됨을 택하는 이들의 이야기를 우리는 너무도 많이 알고 있습니다. 그리고 우리는 그들이, 이 세상을 더 평등하게, 더 존엄하게, 더 안전하게 만들고 있다는걸 알고 있습니다.

윤석열이 파면되었지만 여전히 삶으로 돌아오지 못한 이들이 있습니다. 민주주의를 지켰지만 삶을 지키지 못한 이들이 여전히 남아 있습니다. 그런 이들을 우리는 홀로 두지 않고자 이 자리에 모였습니다. 동지들, 그렇지 않습니까?

박초현, 민푸름, 이학인. 종탑에 오른 이 세 동지가 장애인도 평등한 세상을 가질 권리가 있다고 말하는 이 세 동지가 홀로 갇히지 않도록 지키기 위해 오늘 이 자리에 모인 것 아닙니까? 세 동지와 함께, 그리고 아직 일상으로 돌아오지 못한 동지들과 함께 평등 사회, 존엄한 사회로 가는 길을 끝까지 함께 합시다. 고맙습니다.",,
우리는 이동환 목사와 동행할 것이다,,statement,20250425 11:17:45,"법원(서울고법 민사9부)이 어제 이동환 목사의 항소를 기각했다. 이동환 목사는 2019년 제2회 인천퀴어문화축제에서 축복식을 집례했다는 이유로 기독교대한감리회로부터 출교, 정직 처분을 받은 바 있다. 형식적인 법리 검토로만 판단한 항소심 재판부의 판결에 유감을 표한다.

감리회의 결정은 전제부터가 반인권적이다. 감리회는 이동환 목사를 징계하며 “동성애를 찬성하거나 동조하는 행위”로서 처벌하는 규정을 근거로 제시했다. 기독교 교리가 말하는 사랑, 환대를 바탕으로 성소수자들을 향해 사목하고 있는 이들에게 감리회가 규정을 앞세워 박해한 것은 어제, 오늘 일이 아니다. 

8개월의 항소심 와중에도 감리회는 목회자 4명을 출교 처분했다. 모두 이동환 목사와 같은 이유였다. 사랑과 치유를 말하는 종교적 박애마저 처벌할 수 있다는 감리회의 결정은 목회자들에게 가장 적극적인 혐오를 종용하는 것과 다르지 않다.

그럼에도 재판부는 감리회의 폭주를 용인했다. 이동환 목사 징계 근거가 기본권을 침해하지 않으며, 부당하지 않다는 것이다. 감리회가 더 많은 목회자들을 내쫓을 수 있도록, 성소수자들의 아픔을 큰 품으로 끌어안으려는 이들을 겁박할 길을 열었다. 사회 곳곳에서 헌법과 인권의 원칙을 성역 없이 실현해야 할 법원이 교회 문턱에서 발길을 돌렸다.

종교는 헌법의 치외법권이 아니다. 종교단체의 자율은 혐오와 차별을 조장하고 헌법적 가치를 침해할 자격증이 될 수 없다. 기독교 교리를 해석하고 실현하려는 목회자들을 “입틀막”하려는 감리회야말로 자율적인 종교 공동체를 훼손하고 있다. 

정의당은 평등과 박애, 사랑의 정신을 실현하려 고된 길을 택한 이동환 목사 그리고 남재영, 윤여군 목사와 함께 동행할 것이다. 그 길 끝에 정의가 마르지 않는 강처럼 흐르는 사회를 만날 수 있으리라 믿는다.","- ""'성소수자 축복' 이동환 목사 출교 무효 항소심 기각 유감""
- ""감리회 결정 반인권적, 사랑과 환대로 성소수자와 함께해야""
- ""'성소수자 축복' 이동환 목사 출교, 종교는 헌법의 치외법권 아니야""",
"미아역, 인천공원 여성살해 피해자들을 추모합니다",,statement,20250425 18:40:57,"미아역과 인천공원에서 발생한 여성살해 피해자들을 추모하며 여성살해범죄에 대한 특단의 대책을 촉구합니다.

지난 22일 오후, 서울 미아역 마트에서 한 여성이 살해되었습니다. 같은 흉기에 찔린 다른 여성은 중태에 빠졌습니다. 일면식조차 없는 범인에게 소중한 생명을 잃은 피해여성을 추모합니다. 또한 부상 당한 여성의 빠른 회복을 기원하며 수사당국의 엄중하고 신속한 수사를 촉구합니다. 

그 하루 전인 21일 저녁, 인천에서도 한 여성이 살해당했습니다. 범인은 사실혼 관계의 남성이었습니다. 인천의 한 공원에서 범행을 저지른 범인은 경기도 과천까지 도주하여 4시간 가량을 경찰과 대치한 끝에 체포되어 오늘 구속됐습니다. 친밀한 이에 의한 전형적인 '페미사이드(femicide, 여성살해)'가 또다시 발생한 것입니다. 죄 없는 희생자를 추모하며 가해자에 대한 엄중한 처벌을 요구합니다.

한국여성의전화가 작년 한 해동안 일어난 여성살해사건을 분석한 보고서 ‘2024년 분노의 게이지’에 따르면 지난 한 해 동안 친밀한 관계에 의해 살해된 여성은 최소 181명이고 일면식 없는 남성에 의해 일어난 여성살해의 피해자도 주변인을 포함해 총 187명이나 됩니다. 사실상 매일매일 이 나라 어디선가 여성살해가 일어나고 있는 것이나 다름없습니다. 

이러한 피해는 결코 묵과될 수 없는 사회적 재난입니다. 윤석열 파면 이후 다시 만날 세계에는 국가 차원의 실효성 있는 여성살해 방지대책이 반드시 필요합니다. 정의당이 앞장서겠습니다. 정부를 비롯해 제 정당들도 구조적 여성 살해 문제에 대한 책임있는 입장과 대책을 제시해야 합니다. 이것은 광장에서 대한민국 민주주의를 앞장서 지켜온 여성들에 대한 최소한의 책임입니다.

다시 한번 여성살해범죄로 인해 소중한 생명을 잃은 모든 희생자들을 추모합니다.",,
"육우당 22주기, ""성소수자 차별 없는 ‘좋은 날’을 약속합니다""",,statement,20250426 15:24:27,"오늘은 청소년 성소수자 인권운동가이자 시조 시인이었던 故 육우당의 22주기입니다. 우리는 성소수자 혐오와 싸우다 명을 달리한 그가 남긴 유언에 답해야 합니다. “한국의 동성애자들에게 언젠가는 언젠가는 좋은 날이 올 거예요.”

그가 세상을 등진 결정적인 계기가 바로 혐오였습니다. 한국기독교총연합회는 2003년 청소년 유해 매체물 심의기준에서 동성애를 제외하는 데 반대한다며 “소돔과 고모라의 유황불”을 들어 배척했습니다. 육우당은 “소외당한 자를 감싸주신 예수님이 동성애자를 질책할 리 없다”는 글을 남겼습니다.

22년이 지났지만, 우리는 차마 ‘좋은 날’이 왔다고 답할 수 없을 것 같습니다. 故 변희수 하사를 비롯해 성소수자 차별과 싸워온 사람들을 우리는 너무 많이 떠나보내야만 했습니다. 이동환 목사를 비롯한 기독교 목회자들이 성소수자들을 축복했다는 이유로 징계당했습니다. 내란을 옹호하는 극우 세력은 성소수자 혐오를 무기로 성장해 기승을 부리고 있습니다.

정치의 외면 속에 제도적 숙제도 밀려 있습니다. 지난 국회에서 정의당의 노력으로 차별금지법과 혼인평등법(동성혼 법제화), 생활동반자법이 발의됐지만 상임위 회의조차 열리지 않았습니다. 군 형법상 추행죄와 HIV 감염인 형사처벌이 남아 있고, 트랜스젠더의 성별 정정은 대법원 자율에 맡겨진 채입니다. 성소수자 인구에 대한 국가 차원의 통계조차 이뤄진 적 없습니다. 대한민국에서 성소수자는 여전히 ‘투명인간’입니다.

하지만 세상은 분명히 바뀌고 있습니다. 성소수자 평등을 요구하고 있습니다. 지난해 7월에는 대법원에서 동성부부의 건강보험 피부양자 자격을 인정했고, 10월에는 11쌍의 동성부부들이 혼인평등소송을 시작했습니다. 최근에는 윤여정 배우가 아들의 동성결혼 사실을 밝혔고, 저스트비의 배인이 국내 현역 보이그룹 멤버 중에는 최초로 커밍아웃한 일도 있었습니다.

성소수자 평등의 외침은 윤석열 퇴진과 내란세력 해체에 함께 했습니다. 남태령에 이은 평등의 광장에서 수많은 성소수자 시민들이 자신의 성적지향과 성별정체성을 드러냈습니다. 이들의 연대는 다른 곳에 퍼져나가 노동조합, 성당 등에서 소수자 포용 시설을 마련하는 변화의 계기가 되었습니다.

여기까지 오는 데에 성소수자 시민들의 용기가 반드시 필요했을 것이고, 눈물도 분명 있었을 것입니다. 정치는 늘 한 발짝 뒤처져 있었습니다. 이제 정치가 답해야 합니다. 성소수자 평등 실현이 정칭의 과제가 되어야 합니다. 그것이 광장을 함께 지켜준 퀴어 시민들의 용기에 보답하는 것이고, 혐오와 극우 폭력에 위협받는 민주주의를 지키는 길입니다.

성소수자 차별 없는 나라, 성소수자도 함께 사는 사회로 대전환해야 합니다. 실효성 있는 포괄적 차별금지법을 당장 제정하도록 하겠습니다. 사회적 약자, 차별당한 적 있는 모두를 돕는 법일 뿐만 아니라, 혐오와 폭력의 확장을 막을 ‘내란진압법’입니다. 동성혼 법제화와 생활동반자법을 제정하겠습니다. ‘함께 사는 사람’이라면 빠짐없이 가족의 권리를 보장받을 수 있도록 하겠습니다.

고용, 보건의료, 교육, 행정·복지, 사법 등 사회 곳곳에서 성소수자를 배제하는 불평등을 해결하겠습니다. 국가인권위원회를 정상화하고, 국가 통계에 성소수자를 포함하겠습니다. 특히 성소수자 차별이 여성, 장애인, 이주민, 청소년, 빈곤, 질병 등에 대한 차별과 겹쳐져 발생하는 불평등도 간과하지 않고 챙기겠습니다.

육우당의 소원 중 하나는 “동성애자 해방”이었습니다. 그가 남긴 소원에 이제 정치가 응답해야 합니다. 저와 정의당이 기꺼이 앞장서서 나아가겠습니다. 저는 한동대 페미니즘 강연 부당징계사건 대리인단에서 성소수자 혐오에 맞서 싸운 경험이 있습니다. 서로 연대할 때 혐오를 이길 수 있다는 것을 느꼈습니다.

혐오가 아니라 연대가 이기는 사회를 만들겠습니다. 청소년 성소수자들이 낭떠러지에 몰리지 않는 차별 없는 나라를 만들겠습니다. 故 육우당이 차별 없는 세상에서 편안하길 빕니다. 이 땅에 성소수자 차별 없는 “좋은 날”을 만들기 위해 최선을 다하겠습니다.","- 청소년 성소수자 인권운동가 ‘육우당’ 22주기, 성소수자 차별 여전해
- 성소수자 활동가 육우당 22주기, 성소수자 권리 위한 정치 필요해
- 권영국 후보, 성소수자 권리 위해 차별금지법·국가인권위원회 정상화 약속한다
- 혐오가 아니라 연대가 이기는 사회 되어야",
"[권영국 대표, 체르노빌 사고 39주기 SNS 메시지] 체르노빌 참사 교훈을 잊어선 안됩니다.",,statement,20250426 19:18:59,"39년 전 오늘, 우크라이나 키이우 북쪽 한 마을에서 원자력 발전소가 폭발했습니다. 한 주의 고단함을 달랠 토요일 새벽이 누군가에겐 삶의 종점이 되고, 누군가에겐 평생 잊을 수 없는 재앙이 됐습니다. 86년도의 오늘, 체르노빌은 인류에 큰 교훈과 상처를 동시에 남겼습니다.

현대에도 크고 작은 체르노빌들이 있었습니다. 2011년 발생한 후쿠시마 원전사고는 2023년 핵오염수 방류로 이어져 현재까지 논란이 되고 있습니다. 후쿠시마 원전 사고 1년 후인 2012년, 부산 기장군에 위치한 고리1호기 냉각 이상 사고로 가슴 졸이는 일도 있었습니다. 작년에 경주 월성원전 4호기에서 방사능 오염수가 누출되는 사고도 빼놓을 수 없습니다. 끊임 없이 들리는 원전의 경고음을 멈추기 위해서라도 공공재생에너지로의 전환과 탈원전 정책은 피할 수 없는 시대정신입니다.

얼마 전 이재명 민주당 대선 후보가 탈원전 정책과 거리를 둔다는 소식을 들었습니다. 원전의 불가피성을 역설하는 듯한 발언을 보며 최소한 새로운 원전을 짓지 않겠다고 공언했던 입장마저 바뀐 것은 아닌지 우려스럽습니다. 국민의힘 한동훈 후보는 이미 정지된 원전마저 되살리겠다 선언했습니다. 원전의 위험과 공공안전은 안중에도 없습니다.

이제 새로운 대한민국의 청사진은 탈원전 위에 세워야 합니다. 부디 이번 대선이 시민 안전과 장기적인 에너지 전환 정책 대신 원전 산업의 이해를 대변하는 장으로 후퇴하지 않길 바랍니다.",,
소현숙 동지의 조속한 건강 회복을 기원하며 박정혜 동지에게 굳건한 연대를 표한다,,statement,20250427 12:03:16,"불탄 구미 공장의 옥상에서 고용승계를 요구하며 무려 476일째 고공농성을 이어온 한국옵티칼하이테크지회 소현숙 동지가 건강상의 이유로 오늘 땅으로 내려왔다. 걱정스럽고 안타까운 마음으로 소현숙 동지의 조속한 건강 회복을 기원한다.
 
소현숙 동지는 고공농성을 중단하며 연대해준 동지들에게 ‘죄송한 마음’이라고 말했지만, 백번 죄송해야 할 이는 건강을 희생하며 투쟁에 나선 소현숙 동지가 아니라 노동자를 소모품처럼 쓰고 버리고도 무책임으로 일관하는 니토덴코다.
 
소현숙 동지가 조금이라도 더 편안한 마음으로 회복에 전념할 수 있도록 우리가 해야할 일은 여전히 고공에서 의연히 투쟁을 이어가고 있는 박정혜 동지와 굳건히 연대하여 니토덴코의 사과와 고용승계를 받아내는 것이다.
 
어제인 26일, 전국에서 옵티칼 해고 노동자들을 응원하는 희망버스가 다시 출발했다. 구미 고공농성장 앞에 모인 1천명 노동자와 시민들은 한목소리로 니토덴코의 고용승계를 촉구했다. 오는 5월 21일이면 옵티칼 고공농성 투쟁이 무려 500일을 맞이한다. 
 
우리는 그 전에 반드시 승리하여 박정혜 동지가 땅으로 내려와 다른 동지들을 만날 수 있게 해야 한다. 이 승리를 위해 정의당은 변함없이 한국옵티칼하이테크지회 노동자들의 투쟁에 굳건히 연대할 것이다.",,
현대차 구사대폭력 규탄 시민사회 긴급 기자회견 발언,,statement,20250428 13:19:12,"반갑습니다. 정의당 대표 권영국입니다.

현대차가 자행하고 있는 구사대 폭력 만행을 강력하게 규탄합니다. 이게 언제적 일입니까? 1980년 구사대 폭력이 군사 독재 정권에 의해서 비호되던 그 시절의 만행을 또다시 떠올려야 합니까? 우리는 80년대 90년대 자본의 그리고 군사독재 정권 치하에서 노동자들을 폭력으로 탄압했던 그 시대를 기억하고 있습니다.

현대가 점점 성장했습니다. 이제 글로벌 기업으로 성장했습니다. 그것은 자본의 힘이 아니라 노동자들의 힘으로 그리고 많은 불이익에도 불구하고 자동차를 구매했던 대한민국 시민들 덕택입니다. 이들이 없었다면 현대자동차가 글로벌 기업으로 성장하는 것은 불가능했습니다.

우리는 삼성을 기억합니다. 삼성이 국내 1위의 재벌 기업이 되자 그들은 무노조 경영으로 노동자를 탄압했고, 삼성 본관이 있는 지역을 집회를 할 수 없는 동토의 왕국으로 만들었던 그 지난 역사를 기억하고 있습니다.

오늘 우리가 지금 기자회견 하고 있는 현대자동차 본사 사옥 뒤쪽을 보십시오. 알박기 위장 집회로 헌법을 농락하고 있는 집단입니다. 그들은 돈으로 집회를 사고, 집회를 방해하고, 침탈하고 있습니다. 본사뿐만 아니라 모든 공장 앞에서 현대자동차는 이렇게 하고 있습니다. 심지어 경찰을 동원해서요. 이걸 민경 합동이라고 해야 됩니까? 민관 합동은 들어봤어도 민경 합동이라고 하는 것을 우리는 참으로 참담한 심정으로 보아야 합니다.

자본의 폭력 만행은 경찰의 방관 하에서 이루어집니다. 이 나라의 공권력이 윤석열의 하수인처럼 행동한 것이 급기야 비상계엄을 가능하게 했던 것입니다. 구사대 폭력이 발생한 것은 바로 경찰의 방관과 방조가 있지 않으면 불가능한 것입니다.

그래서 이렇게 분명히 말씀드립니다. 경찰은 이 나라 국민을 위해 공무를 집행해야 합니다. 가진 자들, 재벌들, 자본들 편에 서서 민중의 몽둥이로 행동하고 있는 것을 더 이상 묵과할 수는 없습니다.

대통령이라는 자리가 어떤 자리입니까? 우리 사회에서 스스로 보호할 수 없는 자를 가장 먼저 챙기고 보호해야 하는 책무입니다. 그런 사람이 대통령이 되어야 합니다. 이 나라 공권력을 민중의 지팡이로 돌려놓아야 합니다.

경찰 스스로 성찰해야 합니다. 반성해야 합니다. 현대 자본이 경찰에게 월급을 지급하고 있는 것 아닙니다. 국민이 낸 세금으로 이 나라의 국민을 보호하라는 것 아닙니까? 어찌하여 이런 폭력에 대해서 묵과하고 방치합니까? 스스로 반성할 것을 강력하게 촉구합니다.

마지막으로 현대자동차 자본에게 그리고 정의선 회장에게 분명히 경고해 둡니다. 칼로 흥한 자는 칼로 망합니다. 검찰로 흥한 자 검찰로 망합니다. 자본으로, 폭력으로 흥한 자 스스로가 자멸할 것입니다. 이 부도덕한 폭력을 앞장세우는 부도덕하고 폭력적인 자본, 우리 시민이 그냥 묵과하지 않을 것임을, 정의당도 그냥 묵과하지 않을 것임을 분명하게 경고합니다.

현대제철 비정규직 불법 파견 문제, 이수기업 폭력 만행, 불법 파견 문제 하루빨리 해결하고 대화에 나설 것을 강력하게 촉구합니다. 고맙습니다.",,
산재 노동자의 날 메시지 “60년 묵은 산재보험 제도를 대전환해야 합니다”,,statement,20250428 13:38:21,"오늘은 산재 노동자의 날입니다. 산재사망 노동자 추모의 날로 기념되다가 올해부터 법정기념일이 되었습니다. 하지만 노동자들이 경험하는 현실은 어째서 그대로입니까? 사흘 전 부산 강서구에서 외국인 노동자가 죽었고, 이틀 전에도 경기 고양시에서 60대 노동자가 죽었습니다.

어제 발표된 자료에 따르면 지난 5년 사이에 재해를 인정받은 노동자·군인·공무원·사립학교 교직원·어선원·선원·농어업인이 1년 평균 약 19만 명이라 합니다. 하루에 500여명입니다. 500여명 중 7명은 집으로 돌아가지 못합니다. 중대재해처벌법 제정 이후로도 변하지 않은 우리의 현실입니다.

일하다 죽지 않고 다치지 않는 사회를 위해 가장 먼저 중대재해처벌법을 더욱 강화해야 합니다. 중대재해를 일으킨 사업주를 신속하게, 그리고 단호하게 처벌해야 하며, 5인 미만 사업장 등 사각지대를 줄여나가야 합니다. 발생 기업 현황과 불기소 이유도 철저히 공개해야 합니다.

산재가 발생한 뒤에도 문제는 산적해 있습니다. 산재 조사 기간과 승인자 수가 급격히 늘어나는데 조사 인력 충원은 지지부진합니다. 산재 피해를 입은 노동자의 절반 이상이 원직으로 복귀하지 못합니다. 중소기업·비정규직일수록 그 비율은 더욱 처참해서 한 자료에 따르면 15%도 못 됩니다.

60년 묵은 산재보험 제도를 바꿔야 합니다. 산재가 은폐되고 공상 처리되게 하는 구조, 산재 승인 기다리다가 골병 드는 구조를 더 이상 유지할 수 없습니다. 

산재보험도 건강보험처럼 선보장-후평가 시스템을 마련하겠습니다. 아프면 쉴 권리를 보장하는 상병수당 도입도 필수적입니다. 차등보험료 제도를 균등보험료 제도로 전환해 산재 은폐를 막겠습니다. 산재 조사 등 인력 충원을 위하여 관련 기구들을 대폭 개편하겠습니다. 건강보험·산재보험의 징수체계를 통합하여 포괄적인 보장시스템을 만들어가겠습니다.

일하다 다치거나 죽지 않는 사회, 다치면 빠르게 치료받을 수 있는 사회, 아프면 안심하고 쉴 수 있는 사회! 함께 사는 대한민국이 나아가야 할 방향입니다. 중대재해처벌법 강화와 산재보험 제도 대전환으로 노동자를 지키고 우리를 지키겠습니다.",,
"SKT 유심정보 해킹사태, 정보주권 보호하는 나라 되어야",,statement,20250428 16:40:21,"SKT 유심(USIM) 정보 유출 사태가 일파만파 커져나가고 있습니다. 타인이 내 휴대폰을 가로채 내 행세를 하거나, 계좌나 가상자산을 빼돌리는 등의 피해 가능성이 있습니다. 저 역시 SKT 이용자이자 스미싱 피해 경험자입니다.

오늘 아침 대리점마다 유심 교체를 위해 ‘오픈런’을 뛰고, SKT 홈페이지에는 수만 명의 대기자가 생겼습니다. 집단소송을 예고한 피해자 모임도 만들어졌습니다. 

이번 사태에 SKT의 책임이 막중합니다. 만에 하나라도 물샐틈없게 막는 것이 보안입니다. SKT는 해킹 공격을 인지한 후 24시간 내 보고해야 하는 정보통신망법을 어겼습니다. 심각한 도덕적 해이입니다. 사건 이후 유심보호서비스 가입을 권유하는 공지를 내렸지만, 다양한 이유로 국제 로밍을 사용하는 시민들에게는 유심보호서비스가 근본 대책이 될 수 없었습니다. 

대리점에 ‘유심 교체를 방어해서 비용을 아껴라’라는 지침이 전달됐다는 제보까지 나왔습니다. SKT는 이번 사건에 대해 철저한 피해조사와 원인분석을 통해 수습에 나서야 합니다. SKT뿐만 아니라 당국이 함께 이번 사건 대응에 대한 제대로 된 포스트모템(보안사고 후 회고)을 하고 재발방지책을 마련해야 할 것입니다.

정부도 혼란을 키웠습니다. 시민들에게 정확한 정보를 제공하고 안심시켜야 할 정부는 지금 어디 있습니까. 사태 해결의 사령탑이 되어야 할 한덕수 총리는 대선 후보 놀음에 빠져 있습니다. 허튼 생각 말고 지금이라도 본연의 책무에 돌아가길 바랍니다.

정부는 피해자들, 특히 고령층·이주민 등 디지털 취약 계층과 대리점 방문이 어려운 인구감소지역 주민, 장시간 노동자를 위한 방안을 강구해야 합니다. 나아가 공적 서비스인 통신 이용과 관련하여 기업에만 개인정보 보호 책임을 맡겨둘 것이 아니라, 정부도 규제와 공적책임 의무를 강화할 필요가 있습니다.

당장은 사태를 해결하는 것이 촉박하지만, 장기적이고 근본적으로는 시민들의 민감한 개인정보 보호가 우선이 되도록 제도를 바꿔야 합니다. 해외와 달리 우리나라는 유심 교체를 하려고 해도 어렵고 비쌉니다. 그래서 피해자는 2300만 명인데, 준비되어 있던 유심은 100만 개입니다. 대규모 유심 교체 수요에 전혀 준비되어 있지 않았던 것도 사태 해결이 지연되고 있는 원인이라고 볼 수 있습니다.

본인인증을 휴대폰 문자 인증에 의존하는 구조도 많은 불편을 초래하고 있습니다. 중요 보안 업무에 2단계 인증을 정착시키고, 휘발성 키 등 선진 인증 방식을 도입해 시민들의 데이터를 지켜야 합니다. 정치만이 할 수 있는 일입니다.

디지털 대전환의 시대에, 시민의 정보는 피와 살과도 같습니다. 이번 사태를 통해 많은 분들이 저처럼 디지털 사회에서 개인정보의 취약성과 중요성을 피부로 느끼셨을 것이라 생각합니다. 정부와 기업은 단순히 시민의 개인정보를 이용·보호만 하는 것이 아니라, 시민이 개인정보의 ‘진짜 주인’이 될 수 있게 제공·관리·철회할 권리를 보장해야 합니다. 

이런 시점에 거대양당의 의원들이 동의 없이 개인정보를 AI학습 할 수 있게 규제를 해제하는 개인정보보호법 개정안을 발의했다는 것은 매우 유감입니다. 적절한 규제가 있어야 시민들이 기술을 믿을 수 있고, 건강한 산업 생태계가 생겨날 수 있습니다. 디지털 대전환의 시대, 정의당은 끊임없이 혁신하고 진화하는 진보정당으로서 시민의 평범한 삶을 지키는 역할에 부지런히 임하겠습니다.","- “SKT 유심정보 해킹사태, SKT 이용자로서 매우 우려스러워”
- “SKT 책임 막중해, 해킹 사실 미보고 등 심각한 도덕적 해이”
- “SKT 해킹 사태 사령탑 돼야 할 한덕수는 대선 후보 놀음”
- “SKT 해킹 사태, 디지털 취약 계층 및 장시간 노동자 위한 방안 강구해야”
- “디지털 대전환 시대에 시민의 정보는 피와 살과도 같아”
- “22대 국회, 동의 없이 개인정보 AI 학습할 수 있게 규제 해제한 것 매우 유감”",
서울퀴어문화축제 함께하는 이들이 진짜 인권위원장이다,,statement,20250428 17:04:06,"안창호 국가인권위원장이 서울퀴어문화축제와 반대행사 양쪽에 모두 불참한다는 결정을 내렸다. 혐오세력이 국가인권위원회에 반대행사 부스 설치를 요청한 데 대한 대답이다. 이 상황에서 인권위 일부 직원들이 자발적인 서울퀴어문화축제 참가 의지를 밝혔다. 이들의 용기에 찬사를 보낸다.

정의당 역시 이번 서울퀴어문화축제 부스에 참여할 계획이다. 인권위를 반인권으로 몰고 가는 안창호의 소극행정을 규탄한다. 우리는 자발적 참여의 뜻을 밝힌 인권위 직원들을 혹시 모를 불이익으로부터 지킬 것이고, 이들의 곁에서 차별받는 모든 이들 또한 지킬 것을 약속한다.

앞서 ‘거룩한방파제 통합국민대회’ 측은 서울퀴어문화축제의 반대집회 성격인 행사에 인권위 부스 설치를 요청했다. 안창호 위원장은 지난해 9월 인사청문회에서 “퀴어 축제 반대 집회에도 참석하겠다”는 의사를 밝힌 바 있어 시민사회가 우려했으나, 결국 요청을 빌미로 서울퀴어문화축제에 공식 불참하기로 결정했다. “입장이 다른 양측의 행사 중 어느 한쪽의 행사만 참여하는 것이 부적절하다”라는 이유다. 2017년 이후 처음 있는 충격적인 일이다.

지금껏 인권위는 서울퀴어문화축제에 참여함으로써 “기본적 인권 보호와 향상”과 “성소수자 인권침해·차별행위 구제”라는 의무를 수행해 왔다. 혐오세력에 의한 인권침해와 심각한 혐오가 성소수자와 우리 사회를 위협하고 있기 때문이다. 

그럼에도 차별 당사자들의 자긍심 축제와 이들의 혐오·배제를 주장하는 집회를 단순히 “입장이 다른 양측”이라 일컬을 수 없다. 차별을 외면하고 구제를 ‘나중’으로 미루는 안창호 위원장의 소극적 인권행정은 결국 적극적인 차별에 가담하는 것이다. 인권의 ‘기울어진 운동장’을 방치하는 것과 다름없다.

이틀 전 정의당은 사회에 만연한 차별과 불평등을 해소할 첫걸음으로, 故 육우당의 이름 앞에 국가인권위원회를 바로잡을 것을 공약했다. 바로 지금이다. 누구보다 높은 의지와 전문성으로 인권 보호에 헌신해 온 인권위 직원들의 용기를 외면하지 말라. 이들이 진짜 인권위원장이다.

윤석열을 비호했던 안창호 인권위원장은 기계적 중립을 그만두고 사퇴하라. ‘헌법재판소를 부숴야 한다’고 선동하고 변희수재단 설립에 훼방을 놓으며 인권위 안에서 ‘작은 내란’을 일으키고 있는 김용원 상임위원 역시 당장 사퇴하라. 당신들이 바로 인권과 평등의 걸림돌이다.","- “안창호 국가인권위원장 퀴어축제 불참 입장, 인권 걸림돌 다름없어”
- “국가인권위 직원들 자발적 참여 의사, 정의당도 부스 참여해 이들을 지킬 것”
- “인권과 평등의 기울어진 운동장 방치하는 안창호 국가인권위원장 당장 사퇴해야”
- “변희수재단 설립 훼방놓는 김용원 상임위원도 즉각 사퇴해야”",
대구 상인동 가스폭발 참사 30주기,,statement,20250428 17:45:55,"오늘은 대구 상인동 가스폭발 참사 30주기다. 30년 전 오늘인 95년 4월 28일 101명의 시민들이 유명을 달리하고 202명의 시민들이 다쳤다. 그보다 더 많은 시민들에게 평생 남을 상흔을 남겼다.

순식간에 벌어진 참사로 아침 등굣길을 걷던 영남중 학생과 교사들, 바쁜 발걸음을 옮기던 출근길 직장인들, 작업하던 공사 노동자들은 다시 집에 돌아가지 못했다. 하루아침에 가족, 친구를 잃은 이들의 마음, 안타까운 참사의 기억을 짊어진 모든 분들께 위로의 말을 전한다.

대구백화점 신축 공사 과정에서 발생한 가스 누출이 큰 인명피해로 이어졌다. 이 참사는 안전이 제일 가치이며 일터가 안전해야 모두가 안전하다는 사실을 가장 뼈아프게 남겼다. 다시 일어나선 안 되는 일이니 잊어선 안 된다. 사회적 참사를 기억하고 추모해야 다음 참사를 막을 수 있다.

그러나 상인동 참사는 지워지고 있다. 대구에서 잇단 참사를 추모하고 기억하고자 건립된 대구시민안전테마파크는 사진 한 장과 간략히 적힌 내용이 전부다. 유족들이 요구한 참사 교육공간과 교육프로그램도 대구시는 받아들이지 않고 있다. 화려한 기념관 대신 참사를 반면교사 삼아 재발을 막기 위한 노력이라도 보여달라는 유족회의 입장에 여전히 대구시는 묵묵부답이다.

유족들은 오늘 30번째 추모식을 열었다. 30년 동안 매일같이 위령탑을 지키며 묵묵히 그날의 기억을 이어나가고 있는 유족들에게 감사와 존경의 인사를 전한다. 또한 대구시가 지금이라도 상인동 참사를 사회적 기억으로 인정하고 추모할 수 있도록 나서길 촉구한다.

상인동 참사의 기억을 이어가며 우리 사회가 보다 안전한 사회로 나아갈 수 있도록 정의당도 함께 노력하겠다.",사랑하는 이들이 돌아오지 못하는 참사는 더 이상 없어야 합니다,
대구 산불 관련 SNS 메시지,,statement,20250428 17:59:46,"오늘 대구 북구 함지산에서 발생한 산불로 대구시민 1천2백여명이 긴급하게 대피했습니다. 조금 전 '국가소방동원령'이 발동될 정도로 큰 산불입니다.

영남권을 할퀸 산불로 수십 명의 주민이 돌아가신 지 이제 한 달인데, 또다시 산불로 대피해야 하는 대구시민들의 마음을 깊이 위로합니다. 부디 아무도 다치지 않고 무사히 집으로 돌아갈 수 있기를 간절히 바랍니다.

한 달 만에 다시 산불 진화에 나선 소방대원들의 무거운 어깨를 생각하면 무슨 말씀을 드려야 할지 모르겠습니다. 조금만 힘내주십시오. 살려서 돌아오십시오. 살아서 돌아오십시오.",부디 아무도 다치지 않기를 바라고 또 바랍니다,
당명 변경 당원총투표 관련 당원들께 드리는 말씀,,statement,20250429 11:42:41,"정의당 대표 권영국입니다. 

지난 일요일 정기당대회 이후 당 안팎으로 많은 논란과 논쟁이 발생하고 있습니다. 그 과정에서 당원들 간 과도한 언쟁과 불필요한 오해도 오가고 있습니다. 이에 사회대전환 연대회의 공동 경선과 당명 변경을 추진한 대표로서 입장을 밝힙니다.

'민주노동당' 당명을 존중합니다

이번 당대회에 올라간 당명 후보들은 광역시도당 연석회의와 전국위원회의 장시간 논의와 표결을 거쳐 제안된 안으로, 모두 정당한 절차를 거쳐 제안됐고 당규와 민주주의 원칙에 따라 정기당대회에 부의된 것입니다. 당대회에서도 각 당명은 회의 규정에 의거하여 제안, 토론되었으며 공정한 표결을 거쳐 최종적으로 ‘민주노동당’에 대한 당원총투표 안건이 통과되었습니다.

저는 당 대표로서 전국위원회와 정기당대회의 의결 절차를 존중하며, 이러한 절차를 거쳐 ‘민주노동당’이 최종 후보로 선정된 것 또한 존중합니다. 당원 및 대의원 동지들께서도 우리 당의 민주적 의사결정 구조에 따라 선정된 최종 당명 후보를 존중해주실 것을 당부드립니다. 이 결정이 납득되지 않을 수는 있더라도, 그것이 절차에 대한 부정과 불신으로 이어져선 안 될 것입니다.

당을 사랑하는 그 마음들이 우리를 '함께 사는 대한민국'으로 이끌 것입니다

당원총투표에 앞서 몇 가지를 분명히 하고자 합니다. 먼저 투표를 통해 변경될 당명(민주노동당)은 이번 대선 공동 대응을 위해서만 대선기간 동안 한시적으로 사용되도록 제안될 것이며, 대선이 끝나면 우리는 다시 정의당으로 돌아오는 절차를 밟을 예정입니다. 

그리고 내년 지방선거와 2028년 총선에서 진보정치 세력이 지속적으로 공동으로 대응하기 위해 긴 호흡으로 연대연합을 강화하고 진행 정도에 따라 재창당과 당명 변경에 대해 충분히 열어놓고 논의해가도록 하겠습니다.

이번에 당원총투표에 부의되는 ‘민주노동당’ 당명에 대한 기대와 우려를 모두 이해합니다. ‘사회연대당’과 ‘가자, 평등으로’, 그리고 ‘평등사회당’을 제안하고 지지한 당원들의 실망감도 이해합니다. 그 당명들을 지지하신 당원들의 마음과 ‘민주노동당’을 지지하신 당원들의 마음이 다를 것이라고 생각하지 않습니다.

당을 해치기 위해서 어떤 당명을 제안하고 지지하셨을 대의원은 단 한 명도 없습니다. 당을 사랑하는 마음, 진보정치가 다시 일어나야 한다는 마음, 이번 대선에서 우리가 반드시 유의미한 성과를 거두어야 한다는 마음으로 어떤 당명을 제안하고 지지해주셨을 것이라고 믿습니다. 그 마음들이 우리를 평등으로, 차별 없는 나라로, 함께 사는 대한민국으로 이끌 것입니다.

민주노동당이라는 이름에 담긴 기억들

‘민주노동당’이라는 이름에는 많은 것이 담겨 있습니다. 진보정치를 염원하는 모든 세력이 마지막으로 하나의 지붕 아래 모여 최초의 원내 진출이라는 위대한 성과를 이뤄낸 기억. 지역의 당원들이 매일 모여 함께 울고 웃고 토론하며 진보정치의 큰 미래를 꿈꿔온 기억. 무상교육, 무상급식, 기초연금, 장애인 차별금지법, 상가임대차보호법 등 이제는 상식이 된 급진적인 정책들을 제안하고 관철해 온 기억. 삼성과 같은 거대 기득권과 전면전을 벌이며 삼성 특검법을 통과시킨 기억.

그 이름에는 통합과 단결의 기억이 있습니다. 기쁨과 반가움의 기억이 있습니다. 성과와 성취의 기억이 있습니다. 민주노총과 전농·전여농의 배타적 지지를 받은 기억, 정당 사상 최초로 장애인위원회와 성소수자위원회를 세워낸 기억, ‘씩씩한 언니들의 정당’을 꿈꾼 여성 당대표를 당선시킨 기억이 그 이름에 알알이 박혀 있습니다.

진보정치의 어둡고 아픈 기억 역시 그 이름에 담겨 있다는 사실을 물론 알고 있습니다. 민주노동당과 통합진보당의 실패 이래 우리는 끊임없이 갈라서고 나뉘어져 왔습니다. 그리고 그 어느 때보다도 진보정치의 영향력이 쪼그라든 이번 대선에서 우리는 마침내 하나가 되어 대선 대응에 나서게 되었습니다. 이름에 담긴 실패의 기억을 오늘의 단결로 덮고, 성공의 기억을 오늘의 열망으로 되살려냅시다. 

초심으로 돌아갑시다, 실력으로 입증해 냅시다

민주노동당의 기억을 공유하지 않는 젊은 당원들께서는 걱정과 우려가 크실 것으로 압니다. 옛 이름이 다시 돌아온 것에 당황스러움도 느끼실 것입니다.

민주노동당 영광의 시절에 매달리자는 것이 아닙니다. 제가 당대표로 취임할 때 ‘다시 시작’이라는 구호를 썼습니다. “모든 인간이 인간답게 살 수 있는 평등과 해방의 새 세상”을 꿈꾸며 창당한 2000년의 초심은 민주노동당을 모르는 젊은 동지들의 초심과도 다르지 않을 것입니다. 거기서부터 다시 시작합시다.

당원 동지 여러분, 대의원 동지 여러분! 정의당이 앞장서 이루어낸 연대입니다. 정의당이 양보와 타협으로 만들어낸 연대입니다. 그만큼 이번 대선에 잘 대응하는 것은 너무나도 중요합니다. 우리는 우리가 대변해야 할 존재들, 우리만이 대변할 수 있는 존재들의 절박함을 정확히 마주해야 합니다. 

우리의 고민과 판단이 틀리지 않았음을 우리의 실력과 열정으로 입증해 냅시다. 5월 2일부터 시작될 당원총투표에서 부디 ‘민주노동당’이라는 임시 당명을 지지해주실 것을, 그리하여 우리가 애써 만들어낸 대선 공동대응의 덩어리가 더욱 크고 단단해질 수 있도록 힘 보태주실 것을 부탁드립니다.",,
"‘배민·쿠팡 끄는 날’, 죽음의 도로를 바꿉시다",,statement,20250429 12:04:41,"오늘은 ‘배민·쿠팡 끄는 날’입니다. 오늘 2시 배달료를 담보로 사고와 죽음을 부르는 배달노동의 구조를 바꾸기 위해, 배달노동자들이 배달의민족 본사에서 쿠팡 본사까지 행진합니다. 시민 여러분의 동참을 부탁드립니다.

배달노동자들은 죽지 않고 일할 수 있는 환경을 요구합니다. 작년 1~8월 산업재해 1위 배달의민족, 산재 사고사망 1위 쿠팡이츠라는 끔찍한 기록을 아십니까? 우리 일상을 지배하는 플랫폼노동이 ‘편하게 시작할 수 있는 부업’이 결코 아니라는 것을, 목숨을 걸고 일해야 하는 노동이라는 것을 보여줍니다.

모두 플랫폼산업이 조금이라도 비용을 아끼기 위해 노동과 생명을 깎아먹기 때문입니다. 기업은 일하는 모든 사람들을 정규직과 비정규직으로, 하청노동자, 플랫폼노동자, 특수고용노동자로 나누면서 규제를 피해 왔습니다.

플랫폼 기업들은 이제 자영업자들마저 공공연히 쥐어짜고 있습니다. 얼마 전 배달의민족은 포장주문에 수수료를 매기는 황당한 정책을 만들더니, 최근에는 ‘수수료’란 단어를 금칙어로 지정했습니다. 어제는 배민과 쿠팡이츠가 공정거래위원회에 자영업자 등에 대한 갑질의 자율규제책을 마련하겠다며 동의의결을 신청했습니다. 책임을 회피하려는 시도일 뿐입니다.

지난겨울 민주주의를 지켜낸 것은 대기업, 플랫폼기업이 아닌 노동자들, 평범한 시민들이었습니다. 시민들이 자발적으로 자영업자들에게 ‘선결제’ 하는 문화가 생겨났고, 자영업자들은 손해를 보면서도 물건을 나눴습니다. 배달노동자들은 남태령 차가운 도로로 물자를 실어보냈고, 민주주의 요구를 싣고 전국을 달렸습니다.

이 거리의 연대는 지금도 이어지고 있습니다. 지난 18일 이수기업 투쟁문화제에 배달노동자들이 ‘말벌동지들’과 함께 연대했습니다. 그러나 경찰은 라이더 유니온 김기호 울산지회장과 조합원들을 연행하는 것으로 답했습니다.

거리의 연대가 이어지는 그 와중에, 성장과 기업진흥만을 얘기하는 대통령선거는 광장 시민들에게 절망을 주고 있습니다. 어떻게 시민들의 민주주의 연대에 응답할지 논해야 할 대선이 진짜보수, 원조보수, 합리보수, 중도보수를 자칭하기 급한 “전국보수자랑”이 되어버렸습니다. 이번 대선에 선명하고 확고한 진보정치의 목소리가 필요한 이유입니다.

저 권영국은 일하는 모든 시민을 위해 노동법을 혁신하겠습니다. 플랫폼노동자와 프리랜서, 자영업자까지 포괄하는 전국민소득보험을 통해 ‘쉴 수 있는 사회’로 대전환하겠습니다. 표준임금제를 도입해 더이상 물류노동자들이 죽음의 도로를 달리지 않도록 하겠습니다.

죽지 않고 일하게 해달라는 배달노동자들의 요구에 모두가 응답해야 합니다. 경찰은 오늘 이뤄질 ‘산업재해 근로자의 날 배달라이더 대행진’에 적극 협조하십시오.","- “죽음 부르는 배달노동 구조 바꾸는 ‘배민·쿠팡 끄는 날’ 지지한다”
- “배달·택배 노동자도 민주주의 함께 지켜내… 이들의 요구에 모두가 응답해야”
- “노동법 혁신·표준임금제로 플랫폼 노동자 생명권 지켜낼 것”",
"청주 흉기난동 사태 관련 ""학교는 학생과 교사 모두에게 안전한 공간이 되어야 한다""",,statement,20250429 13:37:47,"어제인 28일 오전, 충북 청주의 한 고등학교에서 학생이 흉기를 휘둘러 교장과 교직원 등 4명이 다치고 행인들이 추가적인 피해를 입는 불미스러운 사건이 발생했다. 다행히 생명에는 모두 지장이 없으나 충격과 고통 속에 힘든 시간을 보내고 있을 피해자들의 조속한 회복을 기원한다. 

가해 학생은 사건 발생 10여 분 만에 현행범으로 체포되었고, 경찰은 오늘 살인미수 혐의로 구속영장을 신청했다. 사건의 진상 파악을 위한 경찰의 엄정하고 신속한 수사와 합당한 처벌을 촉구한다. 충북교육청은 사고를 미연에 방지하지 못한 원인을 찾고 교내의 모든 구성원들이 안전하게 지낼 수 있는 실효성 있는 안전대책을 마련해야 한다.

학교는 배움의 터전으로 학생과 교사를 비롯한 모든 구성원들에게 안전한 공간이 되어야 한다. 학교에서 비극적인 사건사고가 연이어 발생하면서 많은 시민들이 우려와 불안을 느끼고 있다.

모두에게 안전한 학교를 만들기 위해서는 그때그때 말뿐인 땜질식 대책을 넘어 근본적인 대책 마련이 절실하다. 이러한 대책을 마련하는 과정에서 가해 학생이 ‘특수학급’ 학생이라는 사실이 특수교육과 그 대상자에 대한 차별과 낙인으로 이어지지 않도록 각별히 유의해야 한다.

모두가 안전한 학교를 만들어가기 위한 전 사회적 노력에 정의당은 앞장서 동참할 것이다. 다시 한번 이번 사건의 모든 피해자들에게 깊은 위로의 말씀을 드린다.",,
홍준표 전 대구시장 정계은퇴 관련 SNS 메시지,,statement,20250429 16:11:12,"홍준표씨가 정계 은퇴를 선언했다. 대통령 되겠다고 경남도지사와 대구시장직을 중도 사퇴한 무책임한 모습 그대로 떠나갔다. 홍준표씨는 막말과 몰염치, 상습적인 말 바꾸기와 여성 비하 등 한국 정치를 더럽히고 모욕하는 주범이었다. 은퇴는 환영하지만 끝까지 무책임한 모습에 부아가 치밀어 오른다.

자연인 홍준표씨는 경상남도와 대구로는 돌아갈 생각 말라. 경남도지사로 일하며 진주의료원을 폐업하고 무상급식을 중단시킨 일을 경남도민들은 잊지 않는다. 대구시장으로 일하며 퀴어문화축제를 막겠다고 공무원을 동원하고 동대구역 광장에 박정희 동상을 세운 일도 대구시민들은 잊지 않을 것이다.

지난 11일 대선 출마를 위해 대구시장에서 사퇴한 날 정의당 대구시당은 ""대선 출마가 아니라 정계은퇴가 바른 선택""이라고 조언한 바 있다. 바른 선택을 잘해주었다. 과분한 위치에 너무 오래 있었다. 돌아가는 길에 박정희 동상 뽑아 가시라.",홍준표씨는 떠나는 길에 박정희 동상 뽑아가시라,
한덕수는 오만한 권력자의 말로를 다시 새기라,,statement,20250429 17:01:22,"민주화 이래 선출되지 않은 자가 이토록 막강한 권력을 누린 적이 또 있는가. 한덕수 국무총리가 권한대행의 위헌적인 헌법재판관 지명을 방지하는 헌법재판소법 개정안에 대해 재의를 요구했다. 헌법 질서에 대해 일말의 존중조차 담기지 않은 관성화된 거부권 행사, 참으로 오만한 권한대행이다.

대통령 권한대행으로서 8번째 거부권이 민주주의를 향했다. 헌법정신을 말한 한덕수 총리에게 알려드린다. 한국은 선거에 기반한 대의민주적 구성원리를 토대로 정부와 기관을 구성한다. 민주헌법의 정신이란 선출되지 않은 권력이 6년 임기의 헌법재판관을 멋대로 지명하지 못하게 하는 것이다.

한 총리는 오랜 관료 생활에 젖어 민주주의조차 멋대로 규정할 수 있다고 자만하는가? 오만한 권력자들의 말로가 어떠했는지 부디 역사책을 펼쳐서 찾아보길 바란다. 그럴 여유가 없다면 전임 대통령의 탄핵 판결문을 참고해도 좋다.

헌법재판소법 개정안은 헌정질서를 교묘히 망가뜨리고 있는 “한덕수 방지법”이다. 사법부의 제동에도 아랑곳하지 않는 행정부의 폭주에 입법부가 울리는 경종이다. 그런데 꼼수로 헌정질서를 어지럽힌 책임을 져야 할 자가 거부권으로 민주주의를 조롱하고 있다. 선출되지 않았으니 민주주의에 대한 책임도 지기 싫은가? 이끄는 자의 책임을 지기 싫다면 떠나시면 된다.

이런 와중에 한 총리의 대선 출마설이 들려온다. 한 총리가 이해하지 못한 민주헌법 하에선 누구든 출마할 수 있으니 노력을 폄훼하진 않겠다. 부디 꼭 출마하셔서 한 총리에게 8번 거부당한 노동자, 농민, 서민 등 시민들이 “한덕수 거부할 권리”를 보장해주길 바란다. 민주주의의 통쾌한 치유 과정을 잘 지켜보겠다.","- “한덕수의 헌재법 거부권 행사, 참으로 오만한 권한대행”
- “선출되지 않은 권력의 권한 남용 막는 것이 헌법정신, 한덕수는 자중하라”
- “‘한덕수 방지법’ 거부한 한덕수, 책임 지기 싫으면 떠나시라”
- “한덕수 대통령 출마? 시민들이 거부권 행사할 기회일 뿐”",
김재섭 의원은 “화환 시위 방지법”도 만들 겁니까?,,statement,20250430 14:14:30,"28일 국민의힘 김재섭 의원이 주도하여 국민의힘, 개혁신당 의원들이 철도안전법 개정안을 발의했다. 지하철 지연이 시민들에게 당혹스러울 수는 있다. 그러나 이를 범죄로 삼고 가중처벌하겠다는 김재섭 의원의 법안은 표현의 자유를 막고 장애인을 차별하는 “장애인 ‘입틀막’법”이다. 사회적 차별과 혐오를 정치적 재기 기회로 삼는 갈라치기다. 즉각적인 철회와 잘못 인정을 촉구한다.

전국장애인차별철폐연대(전장연)은 출근길 지하철 타기를 통해 “시민의 발”에 장애인 시민은 탈 수 없는 차별사회의 현실을 온 세상에 알렸다. 그런데 김재섭 의원이 이런 전장연의 액션을 가중처벌대상 범죄로 삼겠다는 법안을 발의한 것이다. 반헌법적이고 비합리적인 발상이다. 장애인권을 외면해 온 국가가 장애인을 처벌하고 감금·격리하게 하겠다는 발상엔 소름이 돋는다.

김재섭 의원이 꿈꾸는 대한민국은 그런 모습의 국가인가? 또 집회의 “정당한 사유”와 운행의 “현저히 방해”는 누가 무슨 자격으로 판단하는가? 이동약자들이 지하철을 타면 운행을 방해하는 범죄인가? 김재섭 의원은 민주시민의 요구에 “떼법”을 막겠다고 비난했으나, 이건 오히려 김재섭 의원이 “법으로 떼”를 쓰는 것에 가깝다. 이런 혐오 선동은 3년 전 전장연에 쏟아진 폭력적 언어의 재현이다. 개혁신당 이준석 의원이 동참한 것도 놀랍지 않다.

철도안전법의 처벌조항은 시민의 안전을 지키기 위한 조항이다. 김재섭 의원이 정말 시민의 안전을 생각한다면 혐오·폭력을 선동할 게 아니라, 오늘도 연대 시민을 잡아끌고 장애인 시민의 탑승을 방해하는 서울교통공사에 그래선 안 된다고 경고해야 한다.

김재섭 의원에게 묻고 싶다. 탄핵 표결에 불참한 김재섭 의원은 근조화환 세례를 받아 ‘형, 어떡하냐’라며 당혹스러워 한 적 있다. 그것 역시 시민들의 정당한 항의였다. 앞으로는 “화환 시위 방지법”도 만들 것인가?

지금도 장애인들은 서울교통공사 보안관과 휠체어 안전발판에 막혀 지하철을 이용하지 못하고 있다. 잠깐 멈추더라도 함께 이동하는 사회가 더 안전하고 편한 사회고, 함께 사는 사회가 우리가 나아가야 할 사회다. 장애인도 차별 없이 이동권을 보장받는 사회로 나아가자.","- “장애인의 입을 법으로 틀어막을 수 없다”
- “김재섭 ‘전장연 방지법’, 반헌법적이고 비합리적인 발상”
- “근조화환 시위에 당황한 김재섭 의원, ‘근조화환 방지법’ 만들 건가?”",
"끝없이 진화하는 텔레그램 성착취, 정치가 해결 약속해야",,statement,20250430 17:52:31,"29일 텔레그램에서 성착취 범죄를 벌인 피의자(닉네임 “판도라”)가 검거됐습니다. 몇 년 전부터 사회적 이슈가 되었던 디지털 성범죄의 뉴스를 어째서 아직도 정치의 침묵 속에 듣고만 있어야 하는지 자문하게 됩니다. 이제 정치가 깨어나서 응답해야 합니다. 

광장을 지킨 여성들 앞에서 “여성 의제 없는 선거”를 치를 수 없습니다. 모든 대선 후보들이 디지털 성범죄의 근본적인 해결을 공약하고, 여성정책을 전면화하여 윤석열의 반여성적 퇴행을 끊어낼 것을 제안합니다.

이번 사건이 특히 경각심을 주는 것은 가해자의 연령이 더욱 낮아졌기 때문입니다. 이번 사건의 방식은 올해 검거된 김녹완 씨(33세, 닉네임 “목사”)의 “자경단” 사건과 흡사합니다. 여성 피해자에게 사생활을 유포하겠다며 협박하고, 동시에 피해자들을 회유하여 더 범행규모를 키웠습니다. 

그런데 이번 사건에서는 19명의 피해자 모두 청소년 여성이었고, 가해자는 17세의 남성이었습니다. 점점 낮아지는 가해자와 피해자 연령은 우리 사회가 청소년들을 성착취와 극단적 반여성주의에 그대로 노출된 구조적 실패 속에 방치하고 있다는 뜻입니다. 이번 사건을 청소년 피해자들이 인생을 걸고 우리 사회에 던지는 경고로 받아들여야 합니다.

‘박사방’, ‘N번방’, ‘프로젝트n방’, ‘지인능욕방’, ‘딥페이크’, ‘자경단’. 정치가 디지털 성착취의 근본적인 해결을 외면하는 동안 발생했던 텔레그램 성착취 사건의 이름들입니다. 그동안 디지털 성범죄는 더 지능적이고, 더 조직적이고, 더 어려졌습니다. 
특히 사생활이 노출된 피해자가 딥페이크에 대해 느끼는 두려움을 가해자들이 이용했다는 걸 우리가 잊어선 안 됩니다. 여성들이 오히려 몸가짐을 비난받을까 위축되는 불평등과 도움받을 곳을 찾지 못하는 소외를 방치한 것이 이번 사건을 더욱 키웠습니다. 정치인의 한 사람으로서 부끄러움을 느끼며, 해결에 나설 것을 약속합니다.

그나마 위안을 주는 점은, 피해자의 빠른 신고로 가해자가 2개월 만에 검거되었다는 점입니다. 이에 정치 역시 응답해야 할 것입니다. 여성안전과 젠더 불평등 해소를 위해, 이번 대선에서 성폭력 근절을 포함한 성평등 의제를 다시 살려내야 합니다.

비동의 강간죄를 제정하여 피해자에게 입증을 요구하는 낡은 기준을 바꿔야 합니다. 또한 여성가족부를 성평등부로 확대하여 성평등 정책을 강력하게 추진해야 합니다. 성평등과 차별금지는 당연시해야 할 민주주의의 근본 가치입니다. 정치가 광장의 요구를 외면하고 나중으로 미뤄서는 안 됩니다.",,
"135주년 세계 노동절, 일하는 사람들이 행복한 사회를 열겠습니다.",,statement,20250501 12:43:19,"오늘 135주년 세계 노동절입니다. 노동자와 시민의 투쟁으로 이루어낸 윤석열 파면 이후 첫 노동절이기도 합니다. 노동탄압에 앞장섰던 내란수괴 윤석열을 몰아낸 노동자 동지들께 깊은 감사와 변함없는 동지애를 전합니다. 노동절임에도 쉬지 못하고 여전히 일터에 계시는 노동자들께도 위로와 연대의 인사를 드립니다.

윤석열 파면은 사회대개혁의 시작일 뿐입니다. 이제 지연된 개혁을 실현해야 할 시간입니다. 노조법 2, 3조 개정안을 통과시켜야 할 시간입니다. 5인 미만 사업장 노동자들의 노동권을 되찾고 중대재해처벌법을 강화할 시간입니다. 세종호텔 앞 철탑에서, 한화 본사 앞 철주에서, 구미 옵티컬 공장 옥상에서 싸우는 노동자들이 땅으로 내려올 수 있도록 세상을 바꿔야 할 시간입니다.

노동자들의 안전보다 경영진 책상 위의 청구서를 중요하게 여기는 사회를 끝내야 합니다. 작년 구로역에서 두 명의 노동자가 사망했습니다. 단순한 실수가 아닙니다 .선로 작업 중 양쪽 선로를 완전히 통제했다면 벌어지지 않았을 참사였습니다. 안전보다 비용절감을 앞세운 작업시간 통제로 두 노동자가 집으로 돌아오지 못했습니다. 더는 이런 일이 없는 사회를 만들어야 합니다.
3.3 꼼수 계약과 4대 보험 밖의 노동자들, 노동권 침해와 강제추방의 위협에 늘 시달리는 이주노동자들, 1500만 불안정 노동자는 2025년의 평화시장 봉제공들입니다. 대한민국의 전태일들이 절박한 싸움으로 일궈낸 노동법과 사회보험제도의 바깥에 놓인 이들이 점점 늘어나고 있습니다.

정의당은 2025년 평화시장 봉제공들의 전태일이 되겠습니다. 5인 미만 사업장까지 노동법 적용 범위를 넓히고 모든 노동자들이 일터의 안전과 4대보험을 비롯한 사회안전망의 혜택을 보장받을 수 있는 사회를 만들겠습니다. 인종, 국적에 상관없이 이 땅에서 노동하는 이들이 존엄할 수 있는 세상을 만들겠습니다.

“노동시간을 일 8시간으로 규제하라!” 135년 전 시카고 노동자들이 꿈꿨던 사회는 지금의 우리에게 당연한 상식입니다. 어제의 노동자들이 꿈꾸지 않았다면 오지 않았을 오늘입니다. 그러니 다시 한번 내일의 상식을 만듭시다. 일하는 사람이 불안하지 않은 사회, 행복한 사회를 만들기 위해 정의당이 앞장서겠습니다.",,
"[사회대전환 연대회의 대선후보 정의당 대표 권영국
21대 대선 출마선언문]
 
차별 없는 나라, 함께 사는 대한민국!
우리를 지키는 진보 대통령이 되겠습니다",,statement,20250501 14:21:30,"존경하는 사회대전환 연대회의 동지 여러분,
사랑하는 시민 여러분,
사회대전환 연대회의 대선 후보로 선출된 권영국입니다.
 
차별 없는 나라, 함께 사는 대한민국! 
우리를 지키는 진보 대통령이 되기 위해 
21대 대통령 선거에 출마합니다. 
135번째 노동절, 노동자들의 생일을 맞은 오늘
사회대개혁을 꿈꾸는 모든 시민들의 염원을 담아
이곳 광화문에서, 독자적 진보정치의 대선 여정을 시작합니다.
 
우리에게 광화문이란 무엇입니까?
우리에게 광화문은 민주주의 수호의 광장입니다.
나라다운 나라와 인간다운 삶을 염원하는 무수한 시민들이
자격 없는 대통령을 두 번이나 끌어내리고,
민주주의 헌정질서를 바로 세운 역사의 현장입니다.
 
8년 전, 헌법이 부여한 대통령의 권한을 사사로이 사용하고
대기업들에게 뇌물을 받아 챙긴 대통령 박근혜를 촛불의 힘으로 탄핵한 곳,
극우 음모론에 취해 불법 비상계엄을 선포하고 내란을 일으킨
내란수괴 윤석열을 응원봉의 힘으로 탄핵한 곳이 바로 이곳 광화문입니다.
그러기에 광화문은 대한민국 ‘광장 민주주의’의 상징입니다.
 
저 권영국은 늘 시민 여러분과 함께 광장에 있었습니다.
8년 전에는 박근혜퇴진행동의 법률팀장으로,
윤석열을 끌어내릴 때는 정의당 대표로,
바로 이곳에서 여러분과 함께 울고 웃으며 외쳤습니다.
“윤석열을 감옥으로! 시민들은 일상으로!”
 
간절히 기다렸던 윤석열 파면 이후 
많은 시민들은 소중한 일상으로 되돌아갔습니다.
그러나 저는 그럴 수 없었습니다.
돌아가야 할 일상이 계엄과 다름없는 시민들이 
여전히 광장에, 고공에, 거리에 남아있음을 알기에
저는 다시 이곳 광화문에 섰습니다.
 
사랑하는 시민 여러분!
세 번째 탄핵은 더 이상 없어야 합니다.
 
우리는 박근혜를 탄핵한 촛불 광장에서
이제 ‘나라다운 나라’를 볼 수 있을 거라고 기대했습니다.
그러나 8년 후 우리가 마주한 것은 무엇입니까?
21세기 대한민국에서 불법 계엄으로 내란을 일으키는 
내란수괴 윤석열과 내란비호세력이 판치는 나라입니다.
 
첫 번째 탄핵 이후 이뤄진 정권교체는
우리 사회에 누적된 차별과 불평등의 굴레를 끊어내지 못했습니다.
양극화된 정치를 바꾸지 못했습니다.
우리의 삶을 바꾸지도, 지키지도 못했습니다.
 
일상을 반납하고 광장에 모여 
온 힘을 다해 대통령을 끌어내려도
좀처럼 바뀌지 않고 더 심각해지기만 하는 불평등 앞에
시민들은 절망하고 체념했습니다.
바로 그 절망과 체념의 틈바구니에서 
약자에 대한 차별과 혐오, 상대에 대한 증오를 키우며
자격도 능력도 없이 오로지 권력만을 탐하는
윤석열의 무도한 정치가 탄생했습니다.
 
이토록 무도한 독재자의 권력을
다시 한 번 시민의 힘으로 되찾은 바로 이 광장에서
저는 여러분께 간절한 마음으로 호소드립니다.
 
세 번째 탄핵은 없어야 합니다.
정권교체를 향한 민심은 이미 압도적입니다.
그러나 정권교체만으로는 부족합니다.
이번에야말로 정권교체와 함께
사회대전환, 그리고 정치개혁을 반드시 이뤄내야 합니다.
 
사회분열의 원인인 불평등과 차별을 해소해야 합니다.
탄핵세력의 부활과 내란세력 존속의 근원인
낡은 기득권 정치를 깨끗이 해체해야 합니다.
그래야 다시는 윤석열 같은 헌정파괴세력이
대한민국 정치를 함부로 넘볼 수 없게 될 것입니다.
그렇게 양극단 진영정치로 갈라진 대한민국을
광장을 닮은 다양성의 정치로 치유하고 통합해야 합니다.
이것이 바로 우리가 꿈꾸는 진정한 정치교체이자 내란청산입니다.
 
저 권영국, ‘거리의 변호사’로 23년을 살아왔습니다. 
용산 참사와 세월호 참사, 쌍용차 정리해고, 
SPC 파리바게뜨 노동자들과 쿠팡 노동자들, 
구의역 김군과 석탄발전소의 하청노동자 김용균,
평택항 일용직 노동자 이선호...
이 모든 이름에 한알 한알 맺힌 피눈물과 억울함이 
저를 ‘거리의 변호사’로 살게 했습니다.
 
쌍용차 정리해고는 명백한 부당해고였습니다.
그러나 노동자들이 승소한 항소심을 대법원은 사법농단으로 뒤집어 파기환송 해버렸습니다.
바로 그날, 우리 사회를 근본적으로 바꾸기 위해서는
법과 제도 그 자체를 바꾸는 정치가
반드시 필요하다는 것을 무너진 가슴으로 깨달았습니다.
그래서 진보정치의 길을 선택했습니다.
 
진보는 사회의 방향을 바꾸는 것입니다.
싸우는 노동자가 이를 악물고 고공에 오르는 세상을 바꾸어
모든 고공농성 노동자가 땅으로 내려올 수 있게 하는 것이 진보입니다.
여성이 여성이라는 이유로 다치고 죽어가는 세상을 바꾸어
모든 여성이 안전하게 살아갈 수 있게 하는 것이 진보입니다.
성소수자, 장애인, 이주민을 차별하고 억압하는 세상을 바꾸어
모든 사회적 소수자가 존재하는 그대로 존중받게 하는 것이 진보입니다.
말로는 기후위기를 이야기하지만
화석연료 중독을 끊어내지 못하는 세상을 바꾸어
지구온도 상승을 기어코 멈추어내는 것이 진보입니다.
 
이 모든 것은 진보의 약속입니다.
그리고 우리 헌법에 새겨진 민주주의의 약속입니다.
오랫동안 지켜지지 못한 약속들입니다.
마침내 이 오랜 약속을 지키기 위해 이번 대통령 선거에 출마합니다.
 
광장의 목소리가 사라진 선거라고 합니다.
여성의 목소리가 사라진 선거라고 합니다.
부자감세에 맞서는 목소리가 사라진 선거라고 합니다.
 
저 권영국이 진보의 이름으로
광장의 목소리, 그리고 민주주의의 목소리를 되살리겠습니다.
우리의 ‘다시 만들 세계’가 과연 어떤 모습이어야 하는지
치열하게 토론할 정치의 공간을 되살리겠습니다.
차별 없는 나라, 함께 사는 대한민국을 바라는,
평범한 시민들의 존재와 바람이 이번 선거에서 사라지지 않도록
진보가 있어야 할 자리를 굳건히 지키겠습니다.
 
어느 때보다 진보정치의 미래를 걱정하는 분들이 많습니다.
진보정치를 둘러싼 조건들이 무엇 하나 쉽지 않은 것도 사실입니다.
하지만 이 모든 두려움과 어려움을 정면으로 마주하겠습니다.
 
정의당, 노동당, 녹색당 진보3당과 민주노총 산하의 산별노조들,
그리고 전국의 노동운동, 시민운동 단체가 절박한 마음으로 하나가 됐습니다.
마침내 하나 된 진보가 
다시 용기를 내어 새롭게 변화될 세상을 위해 한 발을 떼겠습니다.
사회대전환을 꿈꾸는 진보정치세력의 대표 후보로서
진보 대통령 권영국이 여러분의 기수가 되겠습니다.
 
우리가 지켜야 할 시민들의 삶이 있습니다.
우리가 마주하고 싶은 변화된 세상을 향한 꿈이 있습니다.
진보가 지켜내야 할 그 존재들이 있기 때문에
저 권영국, 수많은 동지들과 함께 다시 한 번 용기를 내겠습니다.
 
그 꿈이 이루질 때까지는 언제나 불가능해보입니다. 
그러나 꿈을 꾸는 자에게만 그 꿈이 현실이 될 것입니다.
 
함께해주십시오. 
 
감사합니다.",,
"양회동 열사 2주기, 열사의 뜻으로 끌어내린 윤석열, 이젠 새로운 사회를 열겠습니다",,statement,20250501 14:26:13,"‘제발 윤석열 정권 무너뜨려주십시오.’ 건설 노동자들의 정당한 투쟁을 ‘건폭’으로 매도하고 탄압한 윤석열 정권을 무너뜨려달라는 절절한 호소를 남기고 산화한 고 양회동 열사의 2주기입니다. 고 양회동 열사의 영전에 시민과 노동자의 투쟁으로 이끌어낸 윤석열 파면을 바칩니다.

그럼에도 여전히 가야 할 길이 멉니다. 건설 노동자들을 비롯해 1500만명에 달하는 불안정노동자들이 노동권의 사각지대에서 살아가고 있습니다. 작년 기준 임금이 체납된 노동자는 무려 28만 3천 명이고 체납액은 2조 원에 달합니다. 이 중 5분의 1이 그나마 알려진 건설노동자의 체납액입니다. 복잡한 하도급 관계로 얽힌 건설업의 특성상 알려지지 않은 체납액은 더 많습니다. 돈 떼먹는 사장이 판치는 나라입니다.

윤석열을 끌어내린 자리에서 노동자가 행복한 사회를 건설하겠습니다. 불의의 항거한 열사의 뜻을 이어받아 중층적 하도급 구조와 불안정 고용, 만연한 임금 체납 문제를 해결하고 건설 노동자들의 처우 개선에 앞장서겠습니다. 고 양회동 열사가 생명을 바쳐 당부한 ‘노동자가 주인 되는 세상’을 만들기 위해 정의당이 앞장서겠습니다. 다시 한번 고 양회동 열사의 안식을 빕니다.",,
용산참사 막말 이인기 영입이 이재명 후보의 “국민통합”입니까,,statement,20250501 16:15:23,"“‘용산 참사’ 책임자 김석기 의원이 집권 여당 최고위원이라니 참담하다.”
“있을 수 없는 일”
“국민의힘에는 그렇게 사람이 없나?”

2년 전, ‘용산 참사’ 책임자 김석기 의원이 국민의힘 최고위원으로 당선되자 더불어민주당 대변인이 낸 논평입니다. 구구절절 옳은 말입니다.

그런데 2년이 지난 지금, 놀랍게도 이재명 더불어민주당 대선 후보 선대위는 이인기 전 한나라당 의원을 이재명 대선후보 선대위 공동위원장으로 인선했습니다. 용산 참사를 ‘알카에다식 자살폭탄테러’라고 매도하며 살인 진압을 합리화하고 희생자와 유가족을 모욕한 인물입니다. 그것이 “국민통합”을 위한 선대위라고 합니다.

용산 참사가 무엇입니까. 공권력의 과도한 진압으로 철거민과 경찰 모두의 생명을 앗아간 국가폭력의 상징입니다. 공권력의 총칼로 불법 쿠데타를 일으킨 내란수괴 윤석열 파면으로 치러지는 이번 선거에 용산 참사 막말 인사가 유력 대선후보의 공동선대위원장이라는 것이 “있을 수 없는 일”입니다. 내란 트라우마의 재림입니다.

한나라당 의원 시절 당시 구속된 철거민들의 공동변호인으로서 도저히 좌시할 수 없습니다. 이재명 후보의 “국민”에 용산참사 유가족과 철거민은 없습니까? 국가폭력의 피해자들은 없습니까? 불과 한 달 전까지 탄핵을 ‘내란’으로 일컬은 적반하장 김문수 후보를 지지한 인물을 영입하는 게 이재명 후보의 “통합”입니까?

이재명 후보가 책임지십시오. 국가폭력의 옹호자와 손잡고 할 수 있는 국민통합은 대한민국에 없습니다. 헌정질서를 수호하는 진정한 국민통합을 바란다면 이재명 선대위는 이인기 인선을 즉각 철회하기 바랍니다.",,
조국혁신당 내 성폭력 사건에 깊은 우려를 표합니다,,statement,20250501 16:29:46,"조국혁신당 내에서 발생한 성폭력 사건에 관해 피해자의 용기 있는 목소리에 지지와 연대를 보냅니다. 철저하고 원칙있는 진상규명, 피해자 보호 조치, 그리고 책임자에 대한 엄정한 조치를 요구합니다.

특히 상급자의 상습적 가해라는 고발 내용에 비추었을 때 혁신당은 가해자 분리 등 피해자 보호조치를 강구했어야 합니다. 무엇보다 이를 위해 신속한 진상조사 절차 개시가 필요했습니다. 그러나 고소가 있기까지 당 차원의 조치는 몇 주 넘게 진행되지 않은 것으로 보입니다.

“권력형 성범죄에 대한 철저한 조사와 재발 방지 대책을 마련해야 한다” “어떤 경우라도 2차가해는 안 된다” 지난 3월 조국혁신당 여성위원회가 발표한 입장이었습니다. 좌고우면 하지 않고 스스로가 세운 원칙을 지키는 곳이 되길 바랍니다.

광장 이후의 민주주의에는 여성의 목소리가 담긴 민주주의가 필요합니다. 이런 시점에 대선에서 여성의제가 외면받는가 하면, 정당 내 성폭력과 소극적 대처를 걱정해야 하는 것이 유감스럽습니다. 여성이 안전한 사회와 성평등한 정치를 만들기 위해 적극 행동할 것을 모든 정당에 촉구합니다.",,
내란대행 한덕수는 총리를 그만둔 김에 그대로 정치권을 떠나라,,statement,20250501 16:59:03,"윤석열 정권의 국무총리이자 대통령 직무대행 한덕수 전 총리가 오늘 오후 총리직을 사임했다. ‘자신이 맡은 중책을 내려놓고 더 큰 책임을 지겠다’는 것이다.

윤석열의 불법 계엄을 통한 내란을 사실상 방조하고 이후 내란 수습을 위한 헌법재판관 임명과 특검 추진을 번번이 훼방놓은 ‘내란대행’ 한덕수가 국민 앞에 짊어져야 할 유일한 책임은 총리를 그만둔 김에 그대로 정치권을 떠나는 것뿐이다.

이번 대선은 내란세력의 온갖 방해에도 불구하고 대한민국 시민들이 평화롭게 계엄을 막아내고 응원봉 광장에서 탄핵을 이뤄냈기에 치러지는 내란청산의 선거다. 내란청산의 선거에 내란대행의 자리는 없다. 내란대행 한덕수는 총리를 그만둔 김에 그대로 정치권을 떠나라. 오로지 이것만이 당신이 대한민국 민주공화국에 기여할 수 있는 유일한 길이다.",,
"광장의 요구 사라진 토론회, 진보의 자리를 지키겠습니다",,statement,20250502 15:54:07,"오늘 제21대 대통령선거 정책토론회가 있었습니다. 시민 여러분들께 묻고 싶었습니다. “여러분의 일상은 안전하십니까?” 비상계엄은 끝났지만, 여전히 비상사태인 일상을 사는 시민들이 있습니다. 탄핵 광장을 지켰던 시민의 사회대전환 요구를 정책 토론에 올리기 위해 오늘 직접 토론에 나섰습니다.
오늘 거대양당의 민생정책은 대기업과 부유층 우선으로 일색이었습니다. 재정위기를 말하면서도 부자감세에 대한 반성은 없었고, 관세충격과 경제위기 앞에 고용의 81%를 차지하는 중소기업과 그 노동자, 1,500만 근로기준법 밖 노동자에 대한 대책은 보이지 않았습니다. 정의당은 민생을 위해 국가가 고용의 완충쿠션이 되는 일자리보장제를 추진하고, 지방은행을 통해 자영업자에게 투자하겠습니다.

애초에 국민의힘은 이번 선거에 후보를 내지 않는 것이 최소한의 도리입니다. 지난 재보궐선거에서 국민의힘 구로구당원협의회는 “저희가 원인을 제공해 국민들의 세금으로 치르는 선거인만큼 후보를 안 내는 것이 국민에 대한 도리”라는 입장을 낸 바 있습니다. 지역당원협의회도 아는 정치 윤리가 대통령 선거에는 적용되지 않습니까? 국민의힘은 윤석열을 출당시키지도 않고, 경선에선 탄핵이 서로의 탓이라며 시민들을 한숨쉬게 했습니다. 한덕수 전 총리는 선거관리, 관세협상, 사표수리, 대선출마의 책무와 욕망을 섞어 저글링하듯 민주주의를 우롱하고 있습니다. 국민의힘의 시민에 대한 최소한의 도리는 후보 사퇴입니다.

국민의힘은 계엄에 대해 “시종일관 동의한 적 없다”고 했지만, 추경호 의원은 계엄 상황에서 의원들을 국회 밖에 집결시켰고, 계엄 해제를 늦춰달라고요청했습니다. 윤석열 체포를 막았던 이들도 당당히 정치무대에 서 있습니다. 탄핵에 대해 “논의를 거쳐서 나아갔으면 국민들이 거리로 쏟아지지 않았다”라고 합니다. 정반대입니다. 시민들이 쏟아져 나오지 않았으면 탄핵 논의도 안 했을 것 아닙니까? 절박하게 탄핵광장에 나왔던 시민들을 모욕하지 마십시오.

민주당 역시 사과해야 합니다. 저는 용산참사 철거민 변호인 출신으로서, 피해자들을 모욕한 이인기 전 의원을 공동선대위원장으로 임명한 것의 철회를 요구했습니다. 오늘 김한규 의원은 그것이 “국민통합을 위한 고육지책”이라고 말했습니다. 참사 막말 정치인 영입을 보고 괴로운 것이 참사 유가족과 철거민들이지, 어떻게 영입을 한 민주당입니까? 국가폭력의 내란을 종식하겠다는 민주당이 국가폭력을 옹호한 정치인을 공동선대위원장으로 둔 것은 국민통합이 아닌 자가당착입니다. 이들과 할 “국민통합”이 과연 무엇인지, 국민통합의 적임자를 자처할 수 있는 행동인지 물을 수밖에 없습니다. “참담하다, 있을 수 없는 일이다”라던 과거 민주당의 말처럼, 지금이라도 인선을 철회하십시오.

차별금지법에 대해 민주당은 여전히 미온적입니다. 김한규 의원은 ‘당 내 이견이 있다’, ‘국민들이 압도적으로 동의하고 있지 않다’며 책임을 회피했지만, 차별을 막는 것은 정치가 해야 할 최소한의 책임입니다. 여론도 차별금지법에 동의하는 쪽이 훨씬 높게 나오고 있다는 걸 모르는 것 같습니다. 정의당은 차별금지법 제정을 통해 민주주의의 원칙을 지키겠습니다. 더이상 다른 변명이 필요없습니다. 차별금지법 제정을 공약하십시오.

개혁신당은 오늘 혐오 갈라치기 정치라는 나쁜 버릇을 도로 꺼내들었습니다. 전국장애인차별철폐연대의 지하철 타기를 “출근길 볼모”라 규정해 지탄받았던 혐오 선동을 다시 꺼냈습니다. 잘못된 것은 지하철을 타는 게 시위가 되는 현실입니다. 갈라치기로 인해 사무실 침입·폭행이라는 혐오폭력의 인질이 된 쪽은 전장연 회원들입니다. 장애인에 대한 형사처벌까지 추진하면서, 지금도 이어지는 서울교통공사의 폭행에는 침묵하는 개혁신당의 태도는 선택적 분노입니다. 저는 결국 마지막 인사 30초를 ‘왜 장애인 차별에 맞서지 않는지’ 따지는 데 쓰지 않을 수 없었습니다. 우리 사회의 묵인이 혐오를 키웠다고 생각하기 때문입니다. 오늘 여기에 동조해 전장연의 지하철 타기를 불법으로 규정한 거대양당도 제대로 된 입장을 밝히고, 지금도 고공에서 탈시설을 외치고 지하철에서 이동권을 외치고 있는 장애인의 요구에 응답하십시오.

저 권영국은 대기업과 부자의 득실 앞에 앞으로 나란히 하는 보수정치에 맞서, 노동자와 시민의 편에서 진보의 목소리를 내겠습니다. 내란세력에 맞서 민주주의의 원칙을 지키고, 혐오와 차별에 단호히 반대하고 평등을 실현하겠습니다. 소외되고 약자의 위치에 있는 사람들의 목소리에 귀를 기울이겠습니다. 차별 없는 나라, 함께 사는 대한민국을 만들어 평범한 시민들의 존재와 열망을 지키겠습니다.","“‘여러분의 일상은 안전하십니까?’ 차별 없는 나라, 함께 사는 대한민국으로 답할 것”
“거대양당의 민생정책, 노동자와 중소기업·자영업자 뒷전”
“국민의힘의 귀책 선거, 최소한의 도리는 후보 사퇴”
“탄핵 논의 이끈 것은 광장의 힘… 국힘은 계엄 책임 회피 말아야”
“참사 피해자 모욕한 정치인 영입, 이게 민주당의 국민통합인가”
“차별금지법 제정하라. 차별금지법 외면으로 극우 성장”
“장애인 혐오 재탕한 개혁신당… 차별 현실 가리는 선택적 분노”",
내란대행 한덕수는 더이상 정치를 웃음거리로 만들지 말고 사퇴하라,,statement,20250502 15:55:24,"결국 내란대행 한덕수가 내란종식 대선에 출마를 선언했다. 불법 계엄을 막지 못해 내란 사태를 초래한 허수아비 총리로 정치적 책임을 통감하며 조용히 물러나기는 커녕, 뻔뻔한 거짓과 궤변이 기름처럼 번질거리는 출마선언문을 내놓으며 권력을 향한 노욕을 드러냈다. 출마선언문에서 한덕수는 자신이 ‘공직 외길을 걸어왔다’고 주장했다. 김앤장에서 4년간 20억 자문료를 받아챙긴 한덕수는 도플갱어인가? 시민을 얼마나 우습게 보면 이런 뻔뻔한 거짓말을 대놓고 할 수 있는가.

이번 대선은 내란을 종식하고 오랫동안 미뤄진 사회대개혁을 치러낼 시민의 대표를 선출하는 내란종식 대선이다. 내란에 있어 법적 책임은 요리조리 피하고 정치적 책임은 아예 부정하는 교활한 위정자는 새로운 대한민국의 가장 큰 정치적 책임을 수행해야 할 대통령이 될 자격이 없다.

한덕수의 출마는 오로지 우리 정치를 웃음거리로 만들 뿐이다. 그만하면 됐다. 내란대행 한덕수는 더이상 대한민국 정치를 웃음거리로 만들지 말고 사퇴하라.",,
대선 정책토론회에서 노동자·서민·사회적 약자 권리 강조해,,statement,20250502 16:40:41,"정의당 권영국 대표는 오늘 오전 10시 열린 중앙선거관리위원회 주최 대통령 선거 정책토론회에 토론자로 참석했습니다. 국민의힘 박수민 의원, 더불어민주당 김한규 의원, 개혁신당 임승호 대변인이 토론자로 참석한 이날 토론회에서 권영국 대표는 노동자·서민의 권리와 사회적 약자의 목소리를 강조했습니다.
이날 토론회는 ▲미국발 관세 쇼크 대책 ▲민생 경제 회복을 위한 각 당의 주요 정책 ▲각 당의 사회통합 방안을 두고 열띤 토론이 이어졌습니다.

미국발 관세쇼크 대책에 대해 권영국 대표는 한덕수 전 총리의 대선 출마용 관세 협상과 윤석열 정부의 대일 굴종외교를 언급하며 ‘우리가 먼저 중심을 잡아야 한다’는 취지의 답변을 내놓았습니다.

특히 타 토론자들이 관세전쟁 속 대기업과 반도체 문제를 이야기하는 가운데, 권 대표는 중소기업이 가장 큰 타격을 입을 것임을 지적하며 중소기업 일자리 지키기 대책이 필요하다는 점을 강조했습니다. 권 대표가 대책으로 제시한 ‘국가 일자리 보장제’에 대해 김한규 의원은 충분히 고려해볼 수 있다는 긍정적 답변을 내놨습니다.

권영국 대표는 민생 경제 회복에 대해 내수시장 활성화를 위해 근본 원인에 주목해야 한다고 말했습니다. 극심한 불평등으로 부가 일부에게만 집중되는 문제와 부동산 투자를 하지 않으면 희망을 찾을 수 없는 문제를 짚으면서, 가처분소득 확대를 위해 노동자의 노동소득을 높이고 부자감세를 원상복구해 복지제도를 확충해야 한다는 점을 강조했습니다.

또한 민주당이 추진하는 상법개정안과 관련하여 주주만이 아닌 노동자를 비롯한 모든 이해관계자들에 대해 이사회가 책임져야 한다고 주장했습니다.

마지막 사회통합 질문에서 권영국 대표는 국민의힘이 지난 구로구청장 재보궐 선거에 무공천 입장을 낸 것을 상기하며 이번 대선에서 국민의힘은 후보를 내지 않는 것이 최소한의 도리라고 지적했습니다. 또한 이재명 후보가 용산참사를 ‘자살 테러’라고 모욕한 이인기 전 의원을 공동선대위원장으로 인선한 것에 대해 “국가폭력과 통합할 수 없다”는 점을 분명히 했습니다.

서부지법 폭동을 일으킨 극우 개신교 세력의 구심점이 ‘차별금지법 반대 캠페인’이었음을 언급하면서, 사회통합을 방해하는 극우세력을 잠재우기 위해서 차별금지법 제정이 반드시 필요하다고 역설하기도 했습니다.

사회통합 질문 중 개혁신당 임승호 대변인이 “전장연 시위가 옳다고 생각하느냐”는 질문을 국민의힘과 더불어민주당에 던진 일도 있었습니다. 권영국 대표는 질문 당시에는 기회를 얻지 못해 답변하지 못했으나, 30초 주어진 마무리 발언을 모두 사용해 “개혁신당은 장애인 차별과 맞서지 않고, 왜 장애인들과 맞서려 하는지 이해하기 어렵다”라고 임 대변인을 비판했습니다.

정의당은 2022년 지방선거에서 비례 3% 이상을 득표해 이번 중선관위 토론회에 초청 자격을 갖고 있다. 지난 4월 30일 ‘사회대전환 연대회의’ 대선 후보로 선출되어 1일 광화문에서 대선 출마를 선언한 권영국 대표는 토론회를 통해 “정치에 반영되지 않는 광장의 다채로운 목소리를 대변하겠다”라고 각오를 드러냈다.","“권영국 후보, 대선 정책토론회에서 노동자·서민 권리 강조해”
“권영국 후보 ‘미국발 관세쇼크, 우리가 먼저 중심 잡아야’”
“권영국 후보 ‘미국발 관세쇼크, 중소기업 일자리 대책 반드시 필요’”
“권영국 후보 ‘내수시장 활성화, 불평등이라는 근본 원인 주목해야’”
“권영국 후보 ‘노동자 소득 확대와 부자감세 원상복구로 복지 확충해야’”
“권영국 후보 ‘사회통합 위해 국민의힘은 대선 후보 안 내는 것이 정치적 도리’”
“권영국 후보 ‘극우 구심점은 차별금지법 반대 캠페인... 차별금지법 반드시 제정해야”
“권영국 후보, 정책토론회 마무리 발언으로 개혁신당 장애인 혐오 비판해”",
"장애인권 탄압하는 경찰의 대치, 정치가 나서서 해결하라",,statement,20250502 17:41:46,"오늘 전국장애인차별철폐연대 활동가들이 혜화동 성당에서 진행하던 고공농성을 종료하고 지상으로 내려왔다. 고공농성 15일 만에 보건복지부 장관 면담을 약속받았기 때문이다.

그런데, 경찰은 성당 앞에서 다수 병력을 배치시키고 금방이라도 경찰서로 연행할 것처럼 위협적인 상황을 만들었다. 수갑을 채워 경찰차에 탑승시켰고, 국립의료원으로 향했다.

경찰도, 성당도, 지하철 직원도, 보수 일색 정치인들도 장애인 권리를 지키는 대신 이들을 불법으로 규정해 끌어내고 처벌하는 데만 힘을 쏟고 있다. 그러면 도대체 누가 장애인 권리를 지키고 차별에 맞선단 말인가. 우리가 광장의 요구를 대변할 후보, 진보정치로서의 대선을 포기할 수 없는 이유다.

이제 정치가 대답해야 한다. 보건복지부 장관은 면담에 책임있게 나서라. 오늘 정책토론회에서 전장연의 지하철 타기를 매도한 국민의힘과 개혁신당, 정치의 노력을 강조하면서도 '불법'이라고 거듭 언급한 더불어민주당 역시 이제라도 제대로 된 반성 입장을 밝히고, 장애인 권리를 지키기 위해 나서야 한다.",,
"이재명 후보, 이인기 인선 입장 관련",,statement,20250502 19:19:47,"이재명 후보에게 거듭 요청합니다. 용산 참사 막말 주범 이인기 공동선대위원장 인선을 철회하십시오.
 
이재명 더불어민주당 대선 후보가 용산 참사를 ‘자살 폭탄 테러’라고 모욕한 이인기 전 한나라당 의원의 공동선대위원장 인선에 대한 문제제기에 “순수하거나 아무 흠 없는 사람들만 모아서 하면 가장 좋겠지만, 국민들의 다양한 의사나 이해를 제대로 반영하기 어려워 저희로서는 최선을 다했다”고 일축했습니다.
 
용산 참사가 ‘자살 폭탄 테러’라는 이인기의 망언도 “다양한 의사”로 존중하겠다는 것입니까. “순수하거나 아무 흠 없는 사람들”이기를 바라는 것이 아닙니다. 불법 계엄이라는 국가폭력을 극복하고 민주주의를 되찾기 위한 내란종식 선거에 최소한 용산 참사라는 또다른 국가폭력을 ‘자살 폭탄 테러’라고 모욕하며 아직도 사과할 의사가 없는 문제적 인물을 유력 대선후보가 국민통합이라는 이름으로 추켜세워서는 안 된다는 것입니다.
 
진정한 국민통합의 길은 국가폭력을 옹호하는 세력과 단호히 선을 긋는 것입니다. 이재명 후보에게 거듭 요청합니다. 용산참사 막말의 주범 이인기에 대한 공동선대위원장 인선을 철회하십시오.",,
한덕수 후보 호남방문 관련 SNS 메시지 [한덕수 후보는 호남사람이 아니라 윤석열 정부 사람입니다],,statement,20250503 12:35:39,"518민주묘역을 찾아갔다가 호남 시민들이 막아서자 “저도 호남사람 입니다”라고 손을 모아 외쳤다고 합니다. 윤석열 내란정부의 유일무이한 국무총리였던 한덕수 후보 이야기입니다.
 
정부의 실패는 그 정부 책임자들의 실패입니다. 계엄을 못 막았으면 실패의 책임을 지는 것이 도리 아닙니까? 국민 앞에 엎드려 사죄하고 물러나도 모자랄 판에 노골적으로 윤석열의 의지를 이어가며 의회와 맞서 싸우다 못해, 자기가 대통령까지 하겠다고 나선 한덕수는, 누가 뭐래도 윤석열 정부 사람입니다.
 
또 “우리는 서로 사랑해야 합니다”, “미워하면 안 됩니다”, “통합돼야 합니다”라고도 외쳤다고 합니다. 기가 찹니다. 박정희, 전두환이 딱 그랬습니다. 군홧발로 찍어 누른 뒤에 ’통합‘이라고 말입니다. 역시 ’군홧발 통합‘을 꿈꾸던 윤석열 정부의 2인자다운 행실입니다.
 
사랑과 통합을 누가 누구에게 외치고, 요구해야 하겠습니까? 바로 시민들입니다. 오늘 한덕수 후보를 막아섰던 그 시민들이 사랑과 통합을 요구하고 있는 것입니다. 말로만 사랑이니 통합이니 하는 한덕수 후보와 달리, 겉으로는 분노했으나 동료시민을 사랑할 줄 아는 진실한 시민들입니다. 출신만 호남인 것이 아니라 불의에 맞서 싸워온 호남의 정신을 이어가는 그 시민들입니다.
 
‘민주의 문’을 스스로 닫은 것은 윤석열 정부와 그 각료들, 바로 한덕수 후보 자신입니다. '호남 사람', '서로 사랑'을 주장하는 모습이 무척이나 가증스럽습니다. 시민들에게 총부리를 겨눈 내란정부의 총리는 국민을 대표할 자격이 없습니다. 윤석열의 내란을 막지 못한데 대해 국민들께 깊이 사죄하고. 대선 후보 사퇴하기 바랍니다. 그것이 국민을 위한 길입니다.",,
"[권영국 후보, 김문수 국민의힘 대선후보 선출 관련]
김문수 선출, 국민의힘 극우정당 선언이다",,statement,20250503 16:10:23,"방금 국민의힘 21대 대선 후보로 김문수가 선출되었다.
 
이 결과는 국민의힘의 극우정당 선언이다. 김문수는 윤석열 탄핵을 반대했다는 이유 하나로 갑자기 대선후보가 된 인물이다. 자격 없는 자가 대권에 대한 야욕만을 앞세워 극우 음모론과 손을 잡았다. 선관위 부정선거 음모론에 불을 지피고, 계엄의 책임을 야당에게 돌리며, 헌법재판소의 윤석열 탄핵 판결을 끝없이 흠잡았다.
 
김문수는 후보수락 연설에서 윤석열 탄핵을 민주주의의 위기라고 표현했다. 이번 선거는 극우 음모론에 빠져 불법 계엄 내란을 일으킨 윤석열 탄핵으로 치러지는 내란청산 대선이다. 이 대선에 탄핵불복세력이자 내란옹호세력이 설 자리는 없다.
 
헌정질서를 부정하며 극우로 타락한 국민의힘에 남은 것은 또다른 내란 뿐이다. ‘내란’ 그 자체로 전락한 국민의힘은 자진 해체하라. 앞서간 모든 노동자와 열사의 영령이, 따르는 광장시민이, 이 땅의 모든 생명의 의지가 그대들을 거부할 것이다.",,
세계 소방관의 날 메시지 “화마와 싸우는 노동자들은 더 존중받아야 합니다”,,statement,20250504 09:47:33,"지난 3월 영남권의 큰 산불에 많은 시민들이 희생되고 다쳤습니다. 작은 실화가 걷잡을 수 없는 슬픔을 우리 사회에 안겼습니다. 희생된 시민 중엔 불길을 막으러 뛰어들었던 4명의 산불진화대원과 공무원도 있었습니다. 고인을 추모하며 유가족들에게 위로의 말을 건넵니다.

불길로 향했던 그들이 제대로 된 보호장비 없이 투입되었다는 사실이 뒤늦게 밝혀졌습니다. 산불 진화 작업에 투입된 한 소방관의 열악한 식사가 공개되기도 했습니다. 예산 투입이 부족하여 현장에 제대로 된 장비, 물품들이 지원되지 않아 열악한 환경 속에서 화마와 싸우고 있었습니다. 건전재정 신화에 사로잡힌 정부가 칼질했던 예산들이었습니다.

소방 노동자들은 지금보다 더 존중받아야 합니다. 화마와 시민 안전의 최전선에서 싸우고 있는 노동자들은 사회의 보호를 받아야 합니다. 정부는 재해와 싸우고 있는 모든 노동자의 위험하고 열악한 근무 환경을 개선하고 이들의 안전을 책임져야 합니다.

국제 소방관의 날을 맞이하여 모든 소방 노동자의 노고에 감사드리며 저와 정의당은 소방 노동자들의 처우개선을 위해 힘쓰겠습니다.",,
마석 모란공원 민주열사묘역 참배 발언,,statement,20250504 14:09:34,"반갑습니다. 동지들. 사회대전환 연대회의 대통령 후보 권영국입니다.

이곳 모란공원에 종종 왔었는데, 오늘의 감회는 그 어느 때보다도 남다른 것 같습니다. 동지들과 함께 왔기 때문일 것입니다. 마침내 진보정치가 하나 되어서 이곳에 왔기 때문일 것입니다. 묘역에 잠들어계신 동지들, 열사들께서 우리를 흐뭇하게 바라보실 계실 것 같습니다. 그렇지 않습니까?

오늘 우리가 참배할 분들은 우리가 꿈꾸는 정치, 우리가 만들어야 할 사회를 앞서 염원하고 만들어오셨던 분들입니다. 우리가 더 일찍 하나가 되어 그 미래를 앞당기지 못한 까닭에 생을 마감하셔야 했던 분들입니다. 무거운 책임감으로 이곳에 왔습니다. 동지들과 열사들이 우리를 지켜보고 계십니다.

이곳에는 노동열사, 장애열사, 성소수자열사, 이주노동열사, 여성열사, 민주열사들이 잠들어 계십니다. 우리의 진보정치도 이 묘역을 닮아야 합니다. 그들 모두가 우리의 동지입니다. 그들 모두가 우리가 나아가야 할 이정표입니다.

1970년 11월 13일 전태일 열사. 근로기준법을 준수하라는 열사의 말씀은 55년이 흐른 지금도 여전히 유효합니다. 근로기준법 예외지대에 놓인 불안정 노동자들, 근로기준법이 있어도 무용지물인 중소기업 노동자들. 21세기 전태일, 21세기 여공들을 위해 우리는 이번 대선에 나섰습니다.

2002년 3월 3일 정태수 열사. 지금 우리 시대에 가장 치열하게 싸우는 장애인인 박경석 동지를 '나쁜 장애인'으로 만들었다는 장애운동의 선구자입니다. 우리는 이번 대선에서 장애인도 시민으로 이동하는 민주주의, 장애인도 시민으로 지역사회에서 함께 살아가는 탈시설 권리를 위해 싸울 것입니다.

2007년 4월 15일 허세욱 열사. 졸속적인 한미FTA 협상에 항의하며 스스로 몸을 불태운 열사여. 연대회의 산파 중 하나인 나경채 실장과도 깊은 관계가 있는 것으로 압니다. 지금 우리 앞엔 새로운 무역질서가 던져지고 있습니다. 졸속협상, 굴욕협상으로는 위기를 돌파할 수 없을 것입니다. 허세욱의 정신을 이어받아, 우리의 중심을 지키며 협상에 임할 자가 대통령이 되어야 합니다.

2009년 1월 20일. 이상림, 양희성, 한대성, 이성수, 윤용헌. 저는 그 이름들을 도저히 잊을 수 없습니다. 용산참사 대리인으로 함께하며 그들의 원을 풀어주기 위해 싸웠습니다. 그러나 우리 사회는 지금도 쫓겨나는 사람들, 터전을 잃는 사람들로 가득합니다. 누구도 밀려나지 않도록, 무너지지 않도록 하는 사회를 만들어야 합니다. 노회찬 대표께서는 2010년 서울시장 후보 토론회에서 이들의 이름을 불렀습니다. 우리도 이번 대선 토론회에서 핍박받는 모두의 이름을 부를 것입니다.

2011년 9월 3일 이소선 어머님. 전태일 열사의 어머니. 모든 노동자의 어머니를 자처하셨던 이소선 어머님. 자기 뜻을 이어달라던 아들의 유언을 평생 지키며 살아오셨습니다. 누군가의 어머니로만 기억되기엔 선생님의 뜻과 실천은 그 자체로 너무나 높고 고귀했습니다. '노동자는 하나'라는 선생님의 말씀을 기억합니다. 맞습니다. 우리는 이제 하나입니다.

2013년 1월 28일 윤주형 열사. 비정규직 없는 나라, 부당해고 없는 나라, 노조탄압 없는 나라 만들기 위해 치열하게 싸우다가 스스로 산화하셨습니다. 왜 우리는 자꾸 동지를 잃어야 합니까. 왜 이 사회는 노동자들의 죽음에 그토록 무정했습니까. 동지들, 우리는 이 잔인한 사회를 반드시 바꾸어내야 합니다. 더 이상 동지를 잃을 수는 없지 않습니까.

2013년 10월 31일 최종범 열사. 삼성전자서비스지회를 지키기 위해 스스로 몸던진 우리 시대의 전태일. 저는 그의 장례위원장이었습니다. 삼성을, 세상을 바꾸고 싶다는 열사의 마음 잊지 않겠다고 약속했습니다. 그 약속 이어가겠습니다. 삼성을, 세상을 바꾸는 대선으로 만들어내겠습니다.

2018년 7월 23일. 노회찬 대표님. 저희가 대표님을 어찌 잊을 수 있겠습니까. 진보정치의 큰 뜻을 하나가 되어 이어나가는 우리의 모습을 지켜봐주십시오. 대표께서 맨손으로 민주노동당을 만들어냈듯, 우리도 그 길을 다시 뒤따라갑니다. 대표께서 마지막까지 가슴에 품은 그 이름을 잠시 내려놓고, 대표께서 처음으로 가슴에 품었을 그 이름으로 나아가겠습니다.

2018년 10월 미노드 목탄 동지. 우리는 그를 미누라고 불렀습니다. 열정적인 밴드 뮤지션이었고 노동활동가이자 영상활동가였습니다. 이 나라를 자국민들보다도 사랑했지만 그가 사랑한 나라의 정부에 의해 강제로 추방당해야 했던 미누. 그의 마음이 이곳 식수, 추모비에 깃들어 있습니다. 우리는 이 땅의 미누들이 살고 싶은 나라에서 계속 살고, 일하고 싶은 곳을 직접 골라 일할 수 있는 세상을 만들어내야 할 의무가 있습니다.

2018년 12월 11일 김용균 열사. 노동자의 안전에 무관심한 이 나라에서 외롭고 고통스럽게 목숨을 잃었습니다. 저는 그의 죽음의 진상을 밝히는 조사위원회 간사로 활동하기도 했습니다. 최선을 다했고, 많은 것을 바꿨지만, 그 이후로도 많은 노동자들이 일터에서 죽고 있습니다. 김용균이 만들어낸 중대재해처벌법을 더욱 온전하게 발전시킬 책임이 우리에게 있습니다. 우리가 그 일을 해내야 합니다.

2021년 2월 15일 백기완 선생님. 선생님께서 살아계셨다면 우리의 모습을 보고 정말로 기뻐하셨을 것입니다. '너희가 드디어 하나가 됐구나' 칭찬해주셨을 것입니다. 연대회의 경선이 알려지고 많은 분들께서 1992년 '백선본'을 떠올렸다 합니다. 그해 대선운동의 경험이 민주노동당 창당으로 이어졌음을 기억합니다. 그 마음, 그 초심으로 대선에 나서겠습니다.

2023년 2월 4일 임보라 목사님. 우리는 목사님의 존재를 알기에 개신교를 통틀어 말하지 않습니다. 그 누구보다도 성소수자 차별에 맞서고, 그 누구보다도 여성인권과 평화에 앞장서온 목사님의 삶을 기억합니다. 거리의 목사, 그의 뜻을 이어받아 이번 대선에서 포괄적 차별금지법을 반드시 관철시켜내겠습니다.

2023년 5월 1일 양회동 열사. 노동절에 떠나가신 열사의 절박한 목소리를 잊을 수 없습니다. 건설노동자를 건폭으로 매도하고 죽음으로 내몬 무도한 권력자, 윤석열을 우리는 마침내 파면시켰습니다. 고 양회동 열사가 생명을 바쳐 당부한 ‘노동자가 주인 되는 세상’을 만들기 위해 우리가 앞장서겠습니다.

2024년 4월 18일 홍세화 선생님. '진보의 어른들'이 하나둘 다른 곳으로 떠나가는 동안에도 홍세화 선생님은 언제나 그 자리에 그대로 계셨습니다. 그리고 끝까지 그 자리를 지키다 떠나셨습니다. 있어야 할 곳, 있기로 한 곳에 끝내 있는 사람. 그 마음을 받들겠습니다. 여기 모인 우리가 선생님의 뜻을 이어가겠습니다.

동지들, 오늘 우리가 참배한 분들, 그리고 미처 참배하지 못한 분들의 이름과 그 삶을 우리의 가슴 속에 새겨넣읍시다. 우리가 누구를 위해 이번 대선에 임하는지, 무엇을 위해 싸우는지 단 한시도 잊지 맙시다. 그들이 앞서 바랐던 세상, 우리가 반드시 이뤄냅시다.",,
권영국 후보 부처님 오신 날 메시지,,statement,20250505 09:37:01,"오늘은 부처님 오신 날입니다. 부처님은 자비와 존엄, 그리고 모든 생명이 평등하다는 진리를 가르쳤습니다. 자본과 경쟁이 삶의 기준이 된 시대에, 청년들은 다시 ‘깨달음’과 ‘평화’를 말하는 불교에서 위안을 얻고 있습니다. 
 
최근 불교는 청년들 사이에서 ‘힙한' 종교라는 명성을 얻었습니다. 그 이유는 낡은 권위에서 벗어나고 탐욕과 기득권을 내려놓는 가르침에 있다고 생각합니다. 정치도 마찬가지여야 합니다. 낡은 권력의 언어가 아니라, 존엄의 언어로 말하는 정치가 우리에게 필요합니다. 
 
정치가 자비와 평등의 원칙을 지키는 나라로 나아가기 위한 약속을 다지겠습니다. 부처님의 자비가 온 세상에, 특히 사회적 약자들에게, 고공의 노동자들에게 널리 퍼져나가는 하루가 되기를 간절히 바랍니다.",,
이재명 더불어민주당 후보 공직선거법 대법원 결정 관련 [사법부는 선거 개입 의혹을 불러오는 재판 행위를 중단하라],,statement,20250505 09:55:25,"조희대 대법원장이 이끄는 대법원이 선거 기간 중임에도 이재명 더불어민주당 후보의 공직선거법위반 혐의에 대한 형사재판을 극히 이례적으로 초고속으로 진행했다. 어지러울 정도로 빠른 재판과 판결이다. 
 
사법부 역사상 이런 전례가 있었나? 
 
게다가 대법원이 유죄 취지로 파기환송 판결 선고 후 불과 하루 만에 서울고법은 사건을 배당하고 오는 15일로 공판기일을 지정했다. 속전속결을 넘어 번갯불에 콩 볶아 먹는 재판이다. 기록을 충분히 검토할 시간도 없는 졸속 재판의 의혹을 갖기에 충분하다.
 
대법원의 초고속 재판 진행이 사법부의 정치 개입 의혹을 불러일으키고 있다.
 
특정 후보 개인 또는 특정 정당에 대한 호불호의 문제가 아니다. 대법원이 선례가 없는 이례적인 판결로 특정인의 피선거권을 제한하려 한다는 강한 의심을 갖게 한다. 이는 민주주의를 위협하는 심각한 정치개입 행위다. 삼권분립을 대원칙으로 하는 민주정치에 빨간 불이 커졌다. 
 
모든 국민은 신속한 재판을 받을 권리를 갖지만 정치 개입의 의혹을 갖게 만드는 졸속 재판을 감내할 의무는 없는 것이다. 
 
재판에서의 절차적 공정성은 실체진실의 발견만큼이나 중차대한 문제이다. 대법원은 이미 절차적 공정성에 중대한 흠결을 만들었다.
 
물론, 후보자의 과거 행적과 관련 발언에 대한 투명한 검증과 평가는 민주주의 선거 과정에서 당연히 필요한 과정이다. 그러나 그것은 선거 기간에 정치적 중립을 지켜야 할 법관들의 몫이 아니라 공론장에서의 다양한 정보와 평가를 통한 주권자의 몫이다. 
 
대법원이 불공정한 재판과 판결로 선거에 개입하려 한다면 이는 주권자의 선거권을 침해하고 민주주의 이념을 심각하게 훼손하는 일이다. 
 
사법부는 선거개입 의혹을 불러오는 재판 행위를 중단하라.",,
어린이들이 존엄하고 평등한 사회를 만들겠습니다,,statement,20250505 11:22:46,"“어린 사람에게 경어를 쓰고 늘 부드럽게 대하라” 소파 방정환께서 한 세기 전 오늘, 세상에 건넨 이야기입니다. 나이 어린 사람들의 업신여기지도, 어른의 부속처럼 대하지도 말고, 하나의 인격체로 대하라는 의미의 호칭 “어린이”. 가장 약한 이들이 존엄할 수 있는 사회를 꿈꾸던 그 정신을 다시 새깁니다.

오늘날 가장 약한 이들 중에는 이주 아동들이 있습니다. 23년 기준 6,169명의 미등록 이주 아동들이 한국에 체류하고 있습니다. 미등록 이주민의 자녀라는 이유로 교육권과 건강권의 사각지대에 있는 어린이들에게 최소의 보호를 제공해야 합니다. 법무부가 구제 대책을 시행하곤 있으나 이를 통해 단 1천여 명 정도의 어린이만이 권리를 보호받고 있습니다. 지난 3월 인권위는 이런 점을 지적하며 제도 취약점을 보완하도록 제안한 바 있습니다. 법무부의 제도 개선을 촉구합니다.

어린이들의 존엄과 권리가 여전히 불안한 사회입니다. 산재로 사망한 고 강태완 씨처럼 미등록 이주민의 자녀들은 여전히 두려움 속에 숨어 살아갑니다. 더욱 심각해진 디지털 성범죄는 어린이까지 그 대상을 뻗었습니다. 우리가 수출한 무기들에 팔레스타인 가자 지구의 어린이들이 희생되고 쫓겨나고 있습니다. 보호와 양육의 대상으로 삼는 기존 법률들을 개선하여 권리의 주체로 삼는 ‘아동 기본법’은 계류와 폐기를 반복하며 표류하고 있습니다.

이번 탄핵 광장에 많은 어린이들이 나왔습니다. 차별 없고 평등한 내일을 염원했던 어린이들은 이미 이 시대를 함께 고민하며 살아가고 있는 동료 시민들입니다. 시대를 함께 살아가고 있는 어린이들과 함께 존엄과 평등이 지켜지는 사회로 나아가기 위한 약속을 다지겠습니다.",,
"민생위기 넘기엔 부족한 추경, 이제 부자감세 원상복구 방안 밝혀야",,statement,20250505 14:02:08,"지난 2일 본회의에서 추경안이 통과되었습니다. 최초 겨우 10조로 내놓았던 추경의 최종 규모는 13.8조입니다. 그러나 내란으로 인한 민생 위기, 미국의 관세 충격, 사상 최악의 화마로 생활의 터전을 잃은 피해자들을 위해선 여전히 충분하지 않습니다. 거대양당은 예산이 부족하다고 하면서도 지금까지 해 온 짬짜미 부자감세에 대해서는 이야기하지 않았습니다. 이번 추경에서 드러났듯, 거대양당은 ‘민생 원상복구’ 뿐만 아니라 ‘부자감세 원상복구’도 함께 책임져야 합니다.

특히 수많은 자영업자들이 코로나19 때 생겨난 빚으로 어려움을 겪고 있습니다. 문재인 정부의 해결책은 대출 지원이었지만 그 뒤 누구도 책임지지 않았습니다. 침체된 경기에 윤석열의 불법계엄까지 직격했습니다. 간접적 소비진작 방안 뿐만이 아닌 자영업자를 위한 과감한 부채탕감이 필요합니다.

전세사기 피해자를 위한 근본적 지원도 필요합니다. 가까스로 전세사기 특별법이 연장됐지만, 여전히 많은 피해자들이 피해를 인정받지 못하고 있고 LH가 피해주택을 매입하기까진 너무 오랜 시간이 걸립니다. 정의당은 가장 먼저 전세사기를 ‘사회적 재난’으로 규정하고 국가의 책임을 주장해 왔습니다. 정부의 ‘선구제 후구상’과 함께, 단계적으로 공공임대주택으로 전환하여야 합니다.

빠져있던 ‘딥페이크’ 등 디지털성범죄 피해자 지원 예산이 편성된 것은 다행입니다. 그러나 아직도 성폭력 피해자 지원 예산 삭감의 여파가 남아있습니다. 작년 삭감되었던 연구개발(R&D) 예산 중 상당부분도 복원되지 않았습니다. 탄소감축 목표 조기 달성을 위한 석탄화력발전소의 정의로운 전환에 필요한 재원도 논의해야 합니다.

결국 증세는 피할 수 없는 문제입니다. 그런데 거대양당은 재정위기 얘기는 하면서, 지금까지 함께 해 온 부자감세에 대해서는 얘기하지 않습니다. 부자감세를 하면서 민생을 살리는 요술 같은 방법은 없습니다. 부자감세가 경기를 이끌어 주지 않는다는 것을 우리 모두가 압니다. 초부유세 신설 등 과감한 증세와 민생을 위한 부채탕감이 필요합니다. 불평등과 세습 구조를 끝내고, 재분배를 통해 민생을 살리고 사람들에게 웃음을 돌려줘야 합니다.",,
"두 번째 혼인평등소송, 동성혼 법제화로 다양한 가족의 권리 보장해야",,statement,20250505 14:06:06,"혼인평등소송이 사상 두 번째로 헌법재판소에 갑니다. 환영합니다. 우리 사회에는 이미 동성 부부와 다양한 형태의 가족들이 함께 살아가고 있습니다. 너무 변화가 느린 법과 제도 그리고 정치가 이들의 당연한 권리를 막고 있습니다. 정치를 바꾸어 다양한 가족의 권리가 보장받는 나라로 함께 나가겠습니다.

지난 2일, 동성혼 법제화 캠페인 ‘모두의 결혼’은 총 6쌍의 동성 부부가 동성 간의 혼인 인정을 위한 헌법소원심판을 청구했다고 발표했습니다. 이 중에는 건강보험공단과 소송 끝에 사실혼 관계를 인정받아 반향을 일으킨 김용민·소성욱 부부도 함께했습니다. 이들은 “합리적 사유 없이 동성 간의 혼인을 배제하는 현행 민법이 기본권을 침해하고 헌법에 위배된다”며 성소수자 가족의 법적 권리를 회복하고자 헌법재판소 앞에 섰습니다.

그러나 서부지법과 남부지법은 이들의 절박한 요구에 귀기울이지 않은 채 전혀 기일을 진행하지 않고 신청을 각하·기각했습니다. 지난 2월 이미 2쌍의 동성 부부가 북부지법에서 같은 취급을 받고 헌법소원을 제기했고, 이번은 그 뒤를 잇는 두 번째입니다. 이미 우리 사회는 동성 부부들, 그리고 다양한 성별 조합의 생활동반자들과 함께 살아가고 있습니다. 이들을 외면하는 법과 정치가 책임을 저버리고 있는 것입니다.

이제 정치가 이들의 증인이 되어야 합니다. 이 땅의 성소수자가 성평등하게 가정을 꾸리고 국가의 보호를 받을 권리, 자신의 정체성대로 살아갈 수 있는 존엄과 행복추구권이 보장되어야 합니다. 그것이 우리가 헌법에 정한 약속입니다. 동성혼을 법제화해야 합니다. 혐오, 차별을 깨고 성소수자의 존엄과 평등이 지켜지는 ‘함께 사는 대한민국’으로 나아가야 합니다. 

평등한 가족구성권을 보장받기 위해 싸우는 이들을 지지하며, 두 번째 혼인평등소송을 환영합니다.",,
"국힘의 한덕수-김문수 단일화 논의, 내란세력 방공호 자처말고 불출마하라",,statement,20250505 17:14:45,"오늘 오후 7시 한덕수-김문수 단일화 논의로 국민의힘 의원총회가 예고됐다. 내란 내각 김문수 전 장관이 당내 경선으로 2군 리그를 정리했으니 이제 내란 내각 총리 한덕수와의 담판만 남은 셈이다. 가히 “내란 옹호 정당”에 걸맞는 발상이다.

이번 대선은 윤석열 계엄 내란사태가 초래한 조기 대선이다. 내란의 책임을 가진 자들이 뻔뻔하게 나타날 자리가 아니다. 내란공범 추경호를 품은 한덕수와 탄핵 반대 장동혁을 품은 김문수가 치는 “내란 빅텐트”는 누구를 위함인가? 내란으로 실각된 이들이 양당의 적대적 경쟁 뒤에 숨어 정치생명을 연명하려는 술수일 뿐이다.

국민의힘은 민주주의를 짓밟은 책임을 다해 후보 출마를 철회하라. 내란 세력의 방공호가 아닌 민주공화국의 공당으로 남는 길은 그 길 뿐이다.",,
"시민 눈살 찌푸리게 하는 내란 집안 싸움, 둘 다 사퇴하라",,statement,20250506 17:17:42,"국민의힘 김문수 후보가 한덕수 후보와의 단일화 요구에 일정 중단을 선언했다. 내란 집안의 후계자 싸움에 시민들 눈살이 찌푸려진다. 가정의 달에 보이기 부끄러운 모습이다. 사회 통합을 위해 둘 다 사퇴하라.

김문수 후보는 일찍이 한덕수 후보와의 적극적인 단일화를 선언했다. 그 거짓말보다 놀라운 것은 그런 그를 국민의힘은 철석같이 믿고 대선 후보로 만들었다는 것이다. 정당으로서의 자존심을 포기한 선택이고, 이번 일로 선견지명도 없었던 선택이라는 것이 드러났다.

그 와중에 한덕수 후보는 '개헌 후보'라며 떠들고 있다. '계엄 후보'를 잘못 들은 게 아닌가 싶다. 개헌은 계엄을 막아낸 시민들의 눈높이에 맞추어야 할 일이지, 지금껏 공약 하나 내놓지 못한 한덕수 후보가 입에 올릴 것이 아니다.

국민의힘은 단일화를 요구할 때가 아니라 후보 철회를 결정해야 할 때다. 내란 책임을 피하며 권력 앞에서 탐욕을 숨기지 못하는 한덕수 후보를 비롯해 내란 내각의 일원들과 단일화하겠다는 이들도 사퇴해야 한다. 내란사태가 초래한 대선에 내란 내각이 초대받을 자리는 없다.",,